omega_eV,CsGeCl3_d0.1,CsGeCl3_d0.15,CsGeCl3_d0.2,CsGeBr3_d0.1,CsGeBr3_d0.15,CsGeBr3_d0.2,CsGeI3_d0.1,CsGeI3_d0.15,CsGeI3_d0.2,CsSnCl3_d0.1,CsSnCl3_d0.15,CsSnCl3_d0.2,CsSnBr3_d0.1,CsSnBr3_d0.15,CsSnBr3_d0.2,CsSnI3_d0.1,CsSnI3_d0.15,CsSnI3_d0.2,CsPbCl3_d0.1,CsPbCl3_d0.15,CsPbCl3_d0.2,CsPbBr3_d0.1,CsPbBr3_d0.15,CsPbBr3_d0.2,CsPbI3_d0.1,CsPbI3_d0.15,CsPbI3_d0.2
0.30000,-9.698350e-04,-1.591141e-03,-1.977353e-03,-6.204685e-03,-8.695930e-03,-8.693413e-03,-6.045526e-02,-7.146630e-02,-6.801710e-02,-3.705115e-03,-5.723057e-03,-6.687809e-03,-4.476176e-02,-5.912243e-02,-6.112195e-02,-2.206602e-01,-3.343101e-01,-3.523424e-01,-2.949405e-04,-4.944403e-04,-7.192653e-04,-2.779867e-03,-4.218920e-03,-5.562700e-03,-2.192055e-02,-3.030756e-02,-3.568171e-02
0.31572,-9.860345e-04,-1.615840e-03,-2.005783e-03,-6.356067e-03,-8.896663e-03,-8.873644e-03,-6.281537e-02,-7.398521e-02,-7.013091e-02,-3.774987e-03,-5.829210e-03,-6.804152e-03,-4.781057e-02,-6.295776e-02,-6.467251e-02,-2.355848e-01,-3.472999e-01,-3.754769e-01,-2.987367e-04,-5.003548e-04,-7.273482e-04,-2.841338e-03,-4.307940e-03,-5.674583e-03,-2.296758e-02,-3.165762e-02,-3.714731e-02
0.33144,-1.002601e-03,-1.641082e-03,-2.034801e-03,-6.512962e-03,-9.104413e-03,-9.059471e-03,-6.533057e-02,-7.665268e-02,-7.235384e-02,-3.847164e-03,-5.938802e-03,-6.924084e-03,-5.130453e-02,-6.732778e-02,-6.869069e-02,-2.491791e-01,-3.648338e-01,-3.952731e-01,-3.026021e-04,-5.063736e-04,-7.355693e-04,-2.905028e-03,-4.400086e-03,-5.790274e-03,-2.410019e-02,-3.311206e-02,-3.871847e-02
0.34716,-1.019545e-03,-1.666883e-03,-2.064423e-03,-6.675655e-03,-9.319530e-03,-9.251140e-03,-6.801636e-02,-7.948201e-02,-7.469445e-02,-3.921765e-03,-6.052006e-03,-7.047780e-03,-5.533410e-02,-7.232701e-02,-7.326580e-02,-2.629447e-01,-3.878342e-01,-4.128848e-01,-3.065384e-04,-5.124992e-04,-7.439319e-04,-2.971054e-03,-4.495523e-03,-5.909968e-03,-2.532897e-02,-3.468316e-02,-4.040679e-02
0.36288,-1.036878e-03,-1.693258e-03,-2.094667e-03,-6.844451e-03,-9.542386e-03,-9.448910e-03,-7.089041e-02,-8.248816e-02,-7.716222e-02,-3.998917e-03,-6.169007e-03,-7.175427e-03,-6.000349e-02,-7.805425e-02,-7.850253e-02,-2.789926e-01,-4.133699e-01,-4.305095e-01,-3.105474e-04,-5.187343e-04,-7.524393e-04,-3.039545e-03,-4.594425e-03,-6.033873e-03,-2.666631e-02,-3.638518e-02,-4.222565e-02
0.37860,-1.054612e-03,-1.720226e-03,-2.125548e-03,-7.019677e-03,-9.773380e-03,-9.653059e-03,-7.397299e-02,-8.568807e-02,-7.976777e-02,-4.078758e-03,-6.290003e-03,-7.307224e-03,-6.541961e-02,-8.459702e-02,-8.451803e-02,-2.989600e-01,-4.360303e-01,-4.497600e-01,-3.146308e-04,-5.250815e-04,-7.610950e-04,-3.110638e-03,-4.696981e-03,-6.162213e-03,-2.812677e-02,-3.823478e-02,-4.419050e-02
0.39431,-1.072759e-03,-1.747805e-03,-2.157086e-03,-7.201684e-03,-1.001294e-02,-9.863879e-03,-7.728742e-02,-8.910096e-02,-8.252297e-02,-4.161435e-03,-6.415207e-03,-7.443389e-03,-7.165919e-02,-9.200364e-02,-9.143169e-02,-3.235522e-01,-4.519535e-01,-4.703583e-01,-3.187906e-04,-5.315436e-04,-7.699027e-04,-3.184480e-03,-4.803396e-03,-6.295229e-03,-2.972756e-02,-4.025150e-02,-4.631933e-02
0.41003,-1.091332e-03,-1.776012e-03,-2.189300e-03,-7.390847e-03,-1.026152e-02,-1.008168e-02,-8.086071e-02,-9.274878e-02,-8.544117e-02,-4.247108e-03,-6.544848e-03,-7.584150e-03,-7.869540e-02,-1.002457e-01,-9.934223e-02,-3.526175e-01,-4.621633e-01,-4.901614e-01,-3.230287e-04,-5.381235e-04,-7.788662e-04,-3.261229e-03,-4.913886e-03,-6.433177e-03,-3.148916e-02,-4.245842e-02,-4.863316e-02
0.42575,-1.110344e-03,-1.804867e-03,-2.222208e-03,-7.587572e-03,-1.051960e-02,-1.030680e-02,-8.472430e-02,-9.665669e-02,-8.853745e-02,-4.335948e-03,-6.679173e-03,-7.729758e-03,-8.628067e-02,-1.091905e-01,-1.082874e-01,-3.850264e-01,-4.720575e-01,-5.066094e-01,-3.273470e-04,-5.448241e-04,-7.879891e-04,-3.341057e-03,-5.028688e-03,-6.576337e-03,-3.343604e-02,-4.488293e-02,-5.115669e-02
0.44147,-1.129809e-03,-1.834390e-03,-2.255831e-03,-7.792295e-03,-1.078773e-02,-1.053960e-02,-8.891501e-02,-1.008537e-01,-9.182893e-02,-4.428141e-03,-6.818447e-03,-7.880479e-03,-9.385255e-02,-1.186217e-01,-1.181911e-01,-4.183463e-01,-4.878193e-01,-5.186713e-01,-3.317478e-04,-5.516485e-04,-7.972756e-04,-3.424151e-03,-5.148056e-03,-6.725007e-03,-3.559767e-02,-4.755774e-02,-5.391911e-02
0.45719,-1.149741e-03,-1.864602e-03,-2.290190e-03,-8.005490e-03,-1.106645e-02,-1.078044e-02,-9.347620e-02,-1.053735e-01,-9.533513e-02,-4.523890e-03,-6.962960e-03,-8.036605e-03,-1.006480e-01,-1.283258e-01,-1.288287e-01,-4.493943e-01,-5.128948e-01,-5.278079e-01,-3.362330e-04,-5.585999e-04,-8.067298e-04,-3.510710e-03,-5.272265e-03,-6.879510e-03,-3.800966e-02,-5.052217e-02,-5.695515e-02
0.47291,-1.170155e-03,-1.895524e-03,-2.325307e-03,-8.227665e-03,-1.135639e-02,-1.102974e-02,-9.845923e-02,-1.102552e-01,-9.907839e-02,-4.623413e-03,-7.113021e-03,-8.198448e-03,-1.062055e-01,-1.381740e-01,-1.398718e-01,-4.759746e-01,-5.463732e-01,-5.371378e-01,-3.408050e-04,-5.656816e-04,-8.163558e-04,-3.600954e-03,-5.401615e-03,-7.040197e-03,-4.071533e-02,-5.382369e-02,-6.030631e-02
0.48863,-1.191066e-03,-1.927180e-03,-2.361203e-03,-8.459374e-03,-1.165820e-02,-1.128792e-02,-1.039253e-01,-1.155449e-01,-1.030845e-01,-4.726949e-03,-7.268971e-03,-8.366348e-03,-1.110438e-01,-1.480776e-01,-1.510435e-01,-4.979903e-01,-5.833574e-01,-5.496700e-01,-3.454660e-04,-5.728968e-04,-8.261580e-04,-3.695118e-03,-5.536427e-03,-7.207447e-03,-4.376746e-02,-5.751993e-02,-6.402254e-02
0.50435,-1.212492e-03,-1.959593e-03,-2.397904e-03,-8.701217e-03,-1.197260e-02,-1.155546e-02,-1.099478e-01,-1.212967e-01,-1.073833e-01,-4.834758e-03,-7.431175e-03,-8.540674e-03,-1.167491e-01,-1.578380e-01,-1.622724e-01,-5.166926e-01,-6.173617e-01,-5.670567e-01,-3.502183e-04,-5.802492e-04,-8.361411e-04,-3.793462e-03,-5.677055e-03,-7.381670e-03,-4.723051e-02,-6.168112e-02,-6.816424e-02
0.52007,-1.234448e-03,-1.992786e-03,-2.435432e-03,-8.953846e-03,-1.230035e-02,-1.183286e-02,-1.166147e-01,-1.275751e-01,-1.120098e-01,-4.947124e-03,-7.600035e-03,-8.721827e-03,-1.249667e-01,-1.671362e-01,-1.736185e-01,-5.333998e-01,-6.441786e-01,-5.891889e-01,-3.550645e-04,-5.877424e-04,-8.463097e-04,-3.896267e-03,-5.823883e-03,-7.563313e-03,-5.118296e-02,-6.639302e-02,-7.280481e-02
0.53579,-1.256952e-03,-2.026786e-03,-2.473814e-03,-9.217974e-03,-1.264230e-02,-1.212064e-02,-1.240324e-01,-1.344568e-01,-1.170046e-01,-5.064360e-03,-7.775988e-03,-8.910247e-03,-1.360615e-01,-1.758318e-01,-1.849331e-01,-5.490479e-01,-6.644896e-01,-6.142609e-01,-3.600071e-04,-5.953800e-04,-8.566686e-04,-4.003841e-03,-5.977328e-03,-7.752865e-03,-5.571953e-02,-7.176017e-02,-7.803378e-02
0.55151,-1.280022e-03,-2.061619e-03,-2.513075e-03,-9.494377e-03,-1.299935e-02,-1.241940e-02,-1.323287e-01,-1.420338e-01,-1.224162e-01,-5.186807e-03,-7.959512e-03,-9.106411e-03,-1.487350e-01,-1.843272e-01,-1.956290e-01,-5.640103e-01,-6.826906e-01,-6.393949e-01,-3.650487e-04,-6.031660e-04,-8.672229e-04,-4.116523e-03,-6.137849e-03,-7.950855e-03,-6.095239e-02,-7.790926e-02,-8.396051e-02
0.56722,-1.303678e-03,-2.097313e-03,-2.553243e-03,-9.783907e-03,-1.337251e-02,-1.272976e-02,-1.416563e-01,-1.504166e-01,-1.283019e-01,-5.314842e-03,-8.151133e-03,-9.310845e-03,-1.608528e-01,-1.935223e-01,-2.050042e-01,-5.775536e-01,-7.031537e-01,-6.620098e-01,-3.701920e-04,-6.111043e-04,-8.779778e-04,-4.234682e-03,-6.305950e-03,-8.157866e-03,-6.700960e-02,-8.499136e-02,-9.071834e-02
0.58294,-1.327939e-03,-2.133897e-03,-2.594347e-03,-1.008750e-02,-1.376285e-02,-1.305240e-02,-1.521949e-01,-1.597376e-01,-1.347300e-01,-5.448883e-03,-8.351428e-03,-9.524125e-03,-1.707423e-01,-2.042591e-01,-2.129715e-01,-5.878510e-01,-7.272998e-01,-6.811670e-01,-3.754399e-04,-6.191993e-04,-8.889386e-04,-4.358729e-03,-6.482181e-03,-8.374535e-03,-7.402759e-02,-9.318130e-02,-9.846852e-02
0.59866,-1.352827e-03,-2.171401e-03,-2.636416e-03,-1.040618e-02,-1.417157e-02,-1.338806e-02,-1.641490e-01,-1.701549e-01,-1.417825e-01,-5.589389e-03,-8.561032e-03,-9.746887e-03,-1.781587e-01,-2.166619e-01,-2.204041e-01,-5.932229e-01,-7.530979e-01,-6.977474e-01,-3.807952e-04,-6.274551e-04,-9.001110e-04,-4.489114e-03,-6.667152e-03,-8.601563e-03,-8.213326e-02,-1.026701e-01,-1.074027e-01
0.61438,-1.378362e-03,-2.209857e-03,-2.679480e-03,-1.074109e-02,-1.459997e-02,-1.373753e-02,-1.777374e-01,-1.818539e-01,-1.495575e-01,-5.736873e-03,-8.780650e-03,-9.979833e-03,-1.843513e-01,-2.298839e-01,-2.286328e-01,-5.935761e-01,-7.765589e-01,-7.135433e-01,-3.862610e-04,-6.358762e-04,-9.115007e-04,-4.626336e-03,-6.861533e-03,-8.839720e-03,-9.141191e-02,-1.136452e-01,-1.177413e-01
0.63010,-1.404568e-03,-2.249297e-03,-2.723573e-03,-1.109349e-02,-1.504948e-02,-1.410170e-02,-1.931688e-01,-1.950458e-01,-1.581719e-01,-5.891905e-03,-9.011063e-03,-1.022374e-02,-1.910114e-01,-2.425267e-01,-2.385924e-01,-5.909454e-01,-7.944176e-01,-7.301534e-01,-3.918405e-04,-6.444672e-04,-9.231138e-04,-4.770949e-03,-7.066070e-03,-9.089859e-03,-1.018633e-01,-1.262509e-01,-1.297214e-01
0.64582,-1.431469e-03,-2.289756e-03,-2.768728e-03,-1.146476e-02,-1.552170e-02,-1.448153e-02,-2.105994e-01,-2.099574e-01,-1.677640e-01,-6.055123e-03,-9.253138e-03,-1.047947e-02,-1.988284e-01,-2.535369e-01,-2.503094e-01,-5.889941e-01,-8.066210e-01,-7.480302e-01,-3.975370e-04,-6.532331e-04,-9.349563e-04,-4.923570e-03,-7.281589e-03,-9.352922e-03,-1.133634e-01,-1.405305e-01,-1.435692e-01
0.66154,-1.459088e-03,-2.331270e-03,-2.814979e-03,-1.185648e-02,-1.601838e-02,-1.487806e-02,-2.300781e-01,-2.268079e-01,-1.784924e-01,-6.227242e-03,-9.507846e-03,-1.074799e-02,-2.070791e-01,-2.628747e-01,-2.628802e-01,-5.917093e-01,-8.166588e-01,-7.660490e-01,-4.033537e-04,-6.621787e-04,-9.470348e-04,-5.084888e-03,-7.509009e-03,-9.629957e-03,-1.256627e-01,-1.563637e-01,-1.594453e-01
0.67726,-1.487453e-03,-2.373877e-03,-2.862363e-03,-1.227037e-02,-1.654146e-02,-1.529245e-02,-2.515111e-01,-2.457671e-01,-1.905312e-01,-6.409068e-03,-9.776270e-03,-1.103037e-02,-2.146834e-01,-2.713581e-01,-2.749120e-01,-6.019780e-01,-8.291344e-01,-7.822731e-01,-4.092943e-04,-6.713092e-04,-9.593560e-04,-5.255673e-03,-7.749360e-03,-9.922129e-03,-1.384383e-01,-1.734351e-01,-1.773681e-01
0.69298,-1.516590e-03,-2.417616e-03,-2.910918e-03,-1.270840e-02,-1.709313e-02,-1.572597e-02,-2.746882e-01,-2.669025e-01,-2.040549e-01,-6.601512e-03,-1.005963e-02,-1.132783e-02,-2.213933e-01,-2.799509e-01,-2.853724e-01,-6.209315e-01,-8.464081e-01,-7.955506e-01,-4.153623e-04,-6.806301e-04,-9.719268e-04,-5.436792e-03,-8.003793e-03,-1.023074e-02,-1.513682e-01,-1.912706e-01,-1.971362e-01
0.70870,-1.546529e-03,-2.462528e-03,-2.960684e-03,-1.317276e-02,-1.767580e-02,-1.618005e-02,-2.993757e-01,-2.901401e-01,-2.192099e-01,-6.805606e-03,-1.035931e-02,-1.164172e-02,-2.276842e-01,-2.892105e-01,-2.942265e-01,-6.481002e-01,-8.670011e-01,-8.064202e-01,-4.215617e-04,-6.901468e-04,-9.847544e-04,-5.629222e-03,-8.273605e-03,-1.055725e-02,-1.641642e-01,-2.093464e-01,-2.182999e-01
0.72441,-1.577298e-03,-2.508657e-03,-3.011702e-03,-1.366596e-02,-1.829220e-02,-1.665625e-02,-3.253934e-01,-3.152782e-01,-2.360729e-01,-7.022528e-03,-1.067686e-02,-1.197359e-02,-2.337564e-01,-2.991253e-01,-3.021903e-01,-6.818632e-01,-8.870075e-01,-8.166123e-01,-4.278963e-04,-6.998653e-04,-9.978463e-04,-5.834071e-03,-8.560258e-03,-1.090330e-02,-1.765572e-01,-2.272205e-01,-2.402239e-01
0.74013,-1.608930e-03,-2.556048e-03,-3.064016e-03,-1.419082e-02,-1.894540e-02,-1.715634e-02,-3.525949e-01,-3.420683e-01,-2.546096e-01,-7.253628e-03,-1.101407e-02,-1.232520e-02,-2.391657e-01,-3.091909e-01,-3.100102e-01,-7.201849e-01,-9.034350e-01,-8.279371e-01,-4.343702e-04,-7.097915e-04,-1.011210e-03,-6.052595e-03,-8.865412e-03,-1.127074e-02,-1.883218e-01,-2.445995e-01,-2.622331e-01
0.75585,-1.641457e-03,-2.604750e-03,-3.117671e-03,-1.475059e-02,-1.963888e-02,-1.768228e-02,-3.808299e-01,-3.703153e-01,-2.746615e-01,-7.500457e-03,-1.137296e-02,-1.269853e-02,-2.433301e-01,-3.186395e-01,-3.181379e-01,-7.616004e-01,-9.167668e-01,-8.412827e-01,-4.409878e-04,-7.199317e-04,-1.024854e-03,-6.286232e-03,-9.190952e-03,-1.166166e-02,-1.993650e-01,-2.612908e-01,-2.837812e-01
0.77157,-1.674913e-03,-2.654811e-03,-3.172714e-03,-1.534899e-02,-2.037659e-02,-1.823630e-02,-4.100300e-01,-3.999216e-01,-2.959855e-01,-7.764811e-03,-1.175586e-02,-1.309587e-02,-2.458607e-01,-3.267655e-01,-3.267592e-01,-8.056840e-01,-9.305334e-01,-8.559285e-01,-4.477534e-04,-7.302925e-04,-1.038787e-03,-6.536625e-03,-9.539032e-03,-1.207846e-02,-2.097524e-01,-2.771346e-01,-3.045505e-01
0.78729,-1.709337e-03,-2.706285e-03,-3.229196e-03,-1.599033e-02,-2.116303e-02,-1.882091e-02,-4.403416e-01,-4.308651e-01,-3.183369e-01,-8.048776e-03,-1.216548e-02,-1.351988e-02,-2.464537e-01,-3.332772e-01,-3.356649e-01,-8.525828e-01,-9.486378e-01,-8.697293e-01,-4.546718e-04,-7.408806e-04,-1.053017e-03,-6.805672e-03,-9.912128e-03,-1.252385e-02,-2.196016e-01,-2.920252e-01,-3.244156e-01
0.80301,-1.744764e-03,-2.759227e-03,-3.287168e-03,-1.667958e-02,-2.200339e-02,-1.943899e-02,-4.720698e-01,-4.631858e-01,-3.415495e-01,-8.354793e-03,-1.260495e-02,-1.397361e-02,-2.450315e-01,-3.384955e-01,-3.441102e-01,-9.020438e-01,-9.731406e-01,-8.804961e-01,-4.617477e-04,-7.517031e-04,-1.067554e-03,-7.095566e-03,-1.031309e-02,-1.300096e-02,-2.289843e-01,-3.059620e-01,-3.433079e-01
0.81873,-1.781236e-03,-2.813694e-03,-3.346684e-03,-1.742259e-02,-2.290365e-02,-2.009382e-02,-5.054737e-01,-4.970454e-01,-3.655565e-01,-8.685730e-03,-1.307791e-02,-1.446062e-02,-2.420589e-01,-3.431136e-01,-3.511923e-01,-9.524001e-01,-1.004036e+00,-8.876542e-01,-4.689861e-04,-7.627675e-04,-1.082406e-03,-7.408860e-03,-1.074522e-02,-1.351339e-02,-2.379218e-01,-3.190289e-01,-3.611204e-01
0.83445,-1.818796e-03,-2.869750e-03,-3.407803e-03,-1.822621e-02,-2.387075e-02,-2.078916e-02,-5.407355e-01,-5.327922e-01,-3.903521e-01,-9.044983e-03,-1.358867e-02,-1.498507e-02,-2.381946e-01,-3.475750e-01,-3.565979e-01,-1.000409e+00,-1.040626e+00,-8.931276e-01,-4.763924e-04,-7.740813e-04,-1.097585e-03,-7.748540e-03,-1.121238e-02,-1.406532e-02,-2.463863e-01,-3.313472e-01,-3.777456e-01
0.85017,-1.857487e-03,-2.927457e-03,-3.470584e-03,-1.909854e-02,-2.491278e-02,-2.152942e-02,-5.781585e-01,-5.709168e-01,-4.159710e-01,-9.436590e-03,-1.414229e-02,-1.555189e-02,-2.335276e-01,-3.516383e-01,-3.608256e-01,-1.043051e+00,-1.083012e+00,-9.012587e-01,-4.839720e-04,-7.856527e-04,-1.113099e-03,-8.118119e-03,-1.171906e-02,-1.466160e-02,-2.543060e-01,-3.430559e-01,-3.931879e-01
0.86589,-1.897358e-03,-2.986884e-03,-3.535089e-03,-2.004925e-02,-2.603927e-02,-2.231969e-02,-6.182248e-01,-6.119233e-01,-4.425445e-01,-9.865384e-03,-1.474481e-02,-1.616689e-02,-2.277091e-01,-3.545849e-01,-3.645601e-01,-1.080239e+00,-1.132108e+00,-9.175769e-01,-4.917305e-04,-7.974899e-04,-1.128960e-03,-8.521751e-03,-1.227058e-02,-1.530791e-02,-2.616346e-01,-3.542538e-01,-4.076261e-01
0.88161,-1.938457e-03,-3.048102e-03,-3.601386e-03,-2.108986e-02,-2.726145e-02,-2.316597e-02,-6.612721e-01,-6.562716e-01,-4.703578e-01,-1.033719e-02,-1.540343e-02,-1.683701e-02,-2.210160e-01,-3.558032e-01,-3.679781e-01,-1.115381e+00,-1.188160e+00,-9.465815e-01,-4.996740e-04,-8.096018e-04,-1.145180e-03,-8.964381e-03,-1.287323e-02,-1.601096e-02,-2.684390e-01,-3.649241e-01,-4.213565e-01
0.89732,-1.980838e-03,-3.111188e-03,-3.669544e-03,-2.223426e-02,-2.859271e-02,-2.407537e-02,-7.070957e-01,-7.044493e-01,-4.997929e-01,-1.085904e-02,-1.612683e-02,-1.757057e-02,-2.148752e-01,-3.552050e-01,-3.706204e-01,-1.152708e+00,-1.249637e+00,-9.899457e-01,-5.078087e-04,-8.219974e-04,-1.161769e-03,-9.451928e-03,-1.353451e-02,-1.677866e-02,-2.749303e-01,-3.749760e-01,-4.346124e-01
0.91304,-2.024555e-03,-3.176221e-03,-3.739636e-03,-2.349920e-02,-3.004899e-02,-2.505632e-02,-7.549454e-01,-7.569881e-01,-5.312072e-01,-1.143948e-02,-1.692549e-02,-1.837761e-02,-2.112780e-01,-3.533749e-01,-3.716741e-01,-1.193855e+00,-1.313825e+00,-1.046345e+00,-5.161411e-04,-8.346862e-04,-1.178741e-03,-9.991516e-03,-1.426340e-02,-1.762047e-02,-2.813635e-01,-3.843826e-01,-4.473902e-01
0.92876,-2.069668e-03,-3.243287e-03,-3.811739e-03,-2.490490e-02,-3.164947e-02,-2.611893e-02,-8.038766e-01,-8.141830e-01,-5.649298e-01,-1.208892e-02,-1.781210e-02,-1.927028e-02,-2.119786e-01,-3.514805e-01,-3.704139e-01,-1.236800e+00,-1.378220e+00,-1.112565e+00,-5.246781e-04,-8.476783e-04,-1.196107e-03,-1.059177e-02,-1.507074e-02,-1.854768e-02,-2.878280e-01,-3.932621e-01,-4.594959e-01
0.94448,-2.116239e-03,-3.312474e-03,-3.885934e-03,-2.647566e-02,-3.341718e-02,-2.727536e-02,-8.529645e-01,-8.755886e-01,-6.014176e-01,-1.281997e-02,-1.880208e-02,-2.026334e-02,-2.179886e-01,-3.507290e-01,-3.667188e-01,-1.277786e+00,-1.441220e+00,-1.184930e+00,-5.334267e-04,-8.609841e-04,-1.213881e-03,-1.126317e-02,-1.596964e-02,-1.957394e-02,-2.941686e-01,-4.018355e-01,-4.707989e-01
0.96020,-2.164334e-03,-3.383877e-03,-3.962308e-03,-2.824037e-02,-3.537980e-02,-2.854031e-02,-9.012077e-01,-9.396981e-01,-6.413638e-01,-1.364781e-02,-1.991407e-02,-2.137474e-02,-2.290862e-01,-3.515758e-01,-3.613510e-01,-1.314433e+00,-1.502011e+00,-1.260463e+00,-5.423944e-04,-8.746143e-04,-1.232078e-03,-1.201848e-02,-1.697607e-02,-2.071574e-02,-3.001481e-01,-4.102786e-01,-4.814002e-01
0.97592,-2.214022e-03,-3.457598e-03,-4.040950e-03,-3.023248e-02,-3.757032e-02,-2.993151e-02,-9.475636e-01,-1.004199e+00,-6.855496e-01,-1.459040e-02,-2.117038e-02,-2.262623e-02,-2.436815e-01,-3.535075e-01,-3.555234e-01,-1.347488e+00,-1.560568e+00,-1.337418e+00,-5.515890e-04,-8.885806e-04,-1.250711e-03,-1.287328e-02,-1.810949e-02,-2.199316e-02,-3.056577e-01,-4.186059e-01,-4.915614e-01
0.99164,-2.265379e-03,-3.533743e-03,-4.121957e-03,-3.248889e-02,-4.002745e-02,-3.147032e-02,-9.914236e-01,-1.066781e+00,-7.345246e-01,-1.566819e-02,-2.259714e-02,-2.404386e-02,-2.596772e-01,-3.557396e-01,-3.499390e-01,-1.380080e+00,-1.617901e+00,-1.415023e+00,-5.610188e-04,-9.028948e-04,-1.269796e-03,-1.384646e-02,-1.939361e-02,-2.343069e-02,-3.108031e-01,-4.267259e-01,-5.015228e-01
1.00736,-2.318483e-03,-3.612426e-03,-4.205428e-03,-3.504649e-02,-4.279506e-02,-3.318211e-02,-1.033066e+00,-1.126053e+00,-7.883917e-01,-1.690295e-02,-2.422369e-02,-2.565814e-02,-2.756761e-01,-3.581236e-01,-3.442345e-01,-1.415380e+00,-1.675659e+00,-1.492813e+00,-5.706922e-04,-9.175695e-04,-1.289350e-03,-1.496064e-02,-2.085714e-02,-2.505816e-02,-3.158622e-01,-4.345663e-01,-5.113755e-01
1.02308,-2.373419e-03,-3.693767e-03,-4.291472e-03,-3.793512e-02,-4.591984e-02,-3.509622e-02,-1.073427e+00,-1.182048e+00,-8.468678e-01,-1.831480e-02,-2.608045e-02,-2.750330e-02,-2.912799e-01,-3.614797e-01,-3.374604e-01,-1.454557e+00,-1.734978e+00,-1.570320e+00,-5.806185e-04,-9.326178e-04,-1.309388e-03,-1.624232e-02,-2.253436e-02,-2.691175e-02,-3.211165e-01,-4.421093e-01,-5.210806e-01
1.03880,-2.430275e-03,-3.777895e-03,-4.380201e-03,-4.116685e-02,-4.944561e-02,-3.724487e-02,-1.113286e+00,-1.236015e+00,-9.095099e-01,-1.991695e-02,-2.819424e-02,-2.961478e-02,-3.064835e-01,-3.672730e-01,-3.293225e-01,-1.496255e+00,-1.795692e+00,-1.647343e+00,-5.908070e-04,-9.480536e-04,-1.329930e-03,-1.772104e-02,-2.446506e-02,-2.903475e-02,-3.266356e-01,-4.493923e-01,-5.305800e-01
1.05452,-2.489148e-03,-3.864946e-03,-4.471735e-03,-4.472616e-02,-5.340357e-02,-3.966004e-02,-1.152789e+00,-1.289637e+00,-9.758814e-01,-2.170890e-02,-3.058056e-02,-3.202373e-02,-3.211549e-01,-3.768408e-01,-3.212500e-01,-1.537649e+00,-1.856689e+00,-1.724159e+00,-6.012676e-04,-9.638914e-04,-1.350992e-03,-1.942702e-02,-2.669301e-02,-3.147765e-02,-3.322110e-01,-4.565295e-01,-5.398257e-01
1.07023,-2.550140e-03,-3.955067e-03,-4.566201e-03,-4.857358e-02,-5.780041e-02,-4.236708e-02,-1.191842e+00,-1.344214e+00,-1.045544e+00,-2.367297e-02,-3.323465e-02,-3.474817e-02,-3.349656e-01,-3.904308e-01,-3.163259e-01,-1.576211e+00,-1.916963e+00,-1.801299e+00,-6.120109e-04,-9.801464e-04,-1.372595e-03,-2.138610e-02,-2.926179e-02,-3.429646e-02,-3.375181e-01,-4.636704e-01,-5.487530e-01
1.08595,-2.613360e-03,-4.048415e-03,-4.663736e-03,-5.267185e-02,-6.261310e-02,-4.537470e-02,-1.230687e+00,-1.400220e+00,-1.117926e+00,-2.578187e-02,-3.612788e-02,-3.778246e-02,-3.475061e-01,-4.067623e-01,-3.178974e-01,-1.611142e+00,-1.976302e+00,-1.879250e+00,-6.230479e-04,-9.968347e-04,-1.394759e-03,-2.361168e-02,-3.220653e-02,-3.754783e-02,-3.423754e-01,-4.709127e-01,-5.573588e-01
1.10167,-2.678924e-03,-4.145155e-03,-4.764482e-03,-5.701054e-02,-6.780381e-02,-4.866399e-02,-1.269799e+00,-1.457319e+00,-1.192201e+00,-2.801692e-02,-3.921804e-02,-4.109132e-02,-3.586102e-01,-4.238252e-01,-3.277887e-01,-1.643683e+00,-2.034984e+00,-1.958289e+00,-6.343902e-04,-1.013973e-03,-1.417506e-03,-2.609572e-02,-3.554134e-02,-4.127902e-02,-3.469180e-01,-4.782455e-01,-5.658077e-01
1.11739,-2.746958e-03,-4.245466e-03,-4.868593e-03,-6.157644e-02,-7.335305e-02,-5.218487e-02,-1.309301e+00,-1.514758e+00,-1.267319e+00,-3.037116e-02,-4.247075e-02,-4.461670e-02,-3.687798e-01,-4.403561e-01,-3.454519e-01,-1.676027e+00,-2.093061e+00,-2.038351e+00,-6.460499e-04,-1.031580e-03,-1.440858e-03,-2.880425e-02,-3.924611e-02,-4.551219e-02,-3.515457e-01,-4.855405e-01,-5.743667e-01
1.13311,-2.817597e-03,-4.349541e-03,-4.976233e-03,-6.628095e-02,-7.927269e-02,-5.587020e-02,-1.348681e+00,-1.571890e+00,-1.342197e+00,-3.281296e-02,-4.586466e-02,-4.829848e-02,-3.790961e-01,-4.565267e-01,-3.685938e-01,-1.709706e+00,-2.150185e+00,-2.119161e+00,-6.580401e-04,-1.049673e-03,-1.464840e-03,-3.168280e-02,-4.326036e-02,-5.022633e-02,-3.566234e-01,-4.926409e-01,-5.832030e-01
1.14883,-2.890985e-03,-4.457585e-03,-5.087575e-03,-7.096582e-02,-8.556220e-02,-5.966375e-02,-1.387090e+00,-1.628465e+00,-1.416008e+00,-3.525255e-02,-4.935882e-02,-5.209218e-02,-3.904984e-01,-4.733495e-01,-3.945880e-01,-1.744893e+00,-2.206061e+00,-2.200426e+00,-6.703744e-04,-1.068273e-03,-1.489476e-03,-3.466704e-02,-4.749206e-02,-5.534608e-02,-3.621573e-01,-4.995251e-01,-5.922288e-01
1.16455,-2.967277e-03,-4.569820e-03,-5.202807e-03,-7.553741e-02,-9.215897e-02,-6.353251e-02,-1.423735e+00,-1.684467e+00,-1.488317e+00,-3.758942e-02,-5.286276e-02,-5.596009e-02,-4.032112e-01,-4.916414e-01,-4.215780e-01,-1.780785e+00,-2.260794e+00,-2.281678e+00,-6.830670e-04,-1.087400e-03,-1.514793e-03,-3.768548e-02,-5.183814e-02,-6.074857e-02,-3.677516e-01,-5.063616e-01,-6.011415e-01
1.18027,-3.046642e-03,-4.686484e-03,-5.322127e-03,-8.005477e-02,-9.898203e-02,-6.743856e-02,-1.458075e+00,-1.739637e+00,-1.558973e+00,-3.980465e-02,-5.627571e-02,-5.984221e-02,-4.167687e-01,-5.113781e-01,-4.487520e-01,-1.816250e+00,-2.314857e+00,-2.362121e+00,-6.961333e-04,-1.107076e-03,-1.540820e-03,-4.065783e-02,-5.620106e-02,-6.629096e-02,-3.729201e-01,-5.133818e-01,-6.096875e-01
1.19599,-3.129261e-03,-4.807834e-03,-5.445750e-03,-8.461996e-02,-1.060432e-01,-7.130329e-02,-1.489897e+00,-1.793203e+00,-1.628011e+00,-4.196488e-02,-5.956777e-02,-6.365281e-02,-4.302329e-01,-5.316418e-01,-4.760073e-01,-1.850473e+00,-2.368921e+00,-2.441056e+00,-7.095892e-04,-1.127326e-03,-1.567585e-03,-4.351453e-02,-6.049189e-02,-7.184573e-02,-3.775172e-01,-5.206958e-01,-6.179400e-01
1.21171,-3.215331e-03,-4.934148e-03,-5.573906e-03,-8.923648e-02,-1.134706e-01,-7.502429e-02,-1.519325e+00,-1.844238e+00,-1.695704e+00,-4.413326e-02,-6.279489e-02,-6.732603e-02,-4.424747e-01,-5.511846e-01,-5.034644e-01,-1.883611e+00,-2.423491e+00,-2.518430e+00,-7.234519e-04,-1.148173e-03,-1.595120e-03,-4.623160e-02,-6.463481e-02,-7.731880e-02,-3.819071e-01,-5.281856e-01,-6.262793e-01
1.22742,-3.305064e-03,-5.065728e-03,-5.706840e-03,-9.387947e-02,-1.214032e-01,-7.853697e-02,-1.546684e+00,-1.892347e+00,-1.762573e+00,-4.632113e-02,-6.602863e-02,-7.086232e-02,-4.528525e-01,-5.693416e-01,-5.311297e-01,-1.916836e+00,-2.478470e+00,-2.594797e+00,-7.377395e-04,-1.169644e-03,-1.623459e-03,-4.883345e-02,-6.858843e-02,-8.263998e-02,-3.866900e-01,-5.355962e-01,-6.350738e-01
1.24314,-3.398691e-03,-5.202899e-03,-5.844819e-03,-9.871412e-02,-1.299126e-01,-8.184231e-02,-1.572295e+00,-1.937849e+00,-1.829063e+00,-4.851683e-02,-6.930364e-02,-7.431454e-02,-4.619069e-01,-5.865085e-01,-5.588327e-01,-1.951421e+00,-2.533323e+00,-2.670834e+00,-7.524710e-04,-1.191766e-03,-1.652637e-03,-5.135620e-02,-7.235855e-02,-8.775195e-02,-3.922021e-01,-5.427849e-01,-6.443638e-01
1.25886,-3.496465e-03,-5.346016e-03,-5.988130e-03,-1.041724e-01,-1.390577e-01,-8.496490e-02,-1.596377e+00,-1.981241e+00,-1.895147e+00,-5.071141e-02,-7.263272e-02,-7.773880e-02,-4.711595e-01,-6.037071e-01,-5.863825e-01,-1.987741e+00,-2.587968e+00,-2.747061e+00,-7.676669e-04,-1.214570e-03,-1.682690e-03,-5.381920e-02,-7.597468e-02,-9.261958e-02,-3.981953e-01,-5.498613e-01,-6.538160e-01
1.27458,-3.598661e-03,-5.495465e-03,-6.137084e-03,-1.107264e-01,-1.489797e-01,-8.789595e-02,-1.619106e+00,-2.022729e+00,-1.960367e+00,-5.287738e-02,-7.601242e-02,-8.117369e-02,-4.819804e-01,-6.217020e-01,-6.136882e-01,-2.025197e+00,-2.643220e+00,-2.823887e+00,-7.833488e-04,-1.238086e-03,-1.713660e-03,-5.621751e-02,-7.945895e-02,-9.723828e-02,-4.039973e-01,-5.570868e-01,-6.630049e-01
1.29030,-3.705578e-03,-5.651666e-03,-6.292016e-03,-1.185267e-01,-1.598730e-01,-9.058753e-02,-1.640700e+00,-2.062422e+00,-2.024310e+00,-5.492764e-02,-7.938363e-02,-8.462563e-02,-4.944896e-01,-6.404385e-01,-6.407109e-01,-2.062917e+00,-2.700039e+00,-2.901558e+00,-7.995398e-04,-1.262348e-03,-1.745587e-03,-5.851228e-02,-8.281716e-02,-1.016231e-01,-4.090831e-01,-5.646525e-01,-6.718017e-01
1.30602,-3.817547e-03,-5.815082e-03,-6.453291e-03,-1.272529e-01,-1.717859e-01,-9.301131e-02,-1.661442e+00,-2.100651e+00,-2.086880e+00,-5.673433e-02,-8.263243e-02,-8.803076e-02,-5.073197e-01,-6.590890e-01,-6.673831e-01,-2.100280e+00,-2.758442e+00,-2.979905e+00,-8.162643e-04,-1.287390e-03,-1.778518e-03,-6.063402e-02,-8.603387e-02,-1.058022e-01,-4.135538e-01,-5.724989e-01,-6.805035e-01
1.32174,-3.934930e-03,-5.986215e-03,-6.621307e-03,-1.362939e-01,-1.843765e-01,-9.523480e-02,-1.681562e+00,-2.137819e+00,-2.148137e+00,-5.825125e-02,-8.566938e-02,-9.126934e-02,-5.184260e-01,-6.765141e-01,-6.935771e-01,-2.136855e+00,-2.817365e+00,-3.058518e+00,-8.335486e-04,-1.313252e-03,-1.812499e-03,-6.252816e-02,-8.907193e-02,-1.098176e-01,-4.180786e-01,-5.803566e-01,-6.895870e-01
1.33746,-4.058125e-03,-6.165621e-03,-6.796496e-03,-1.450429e-01,-1.967870e-01,-9.743737e-02,-1.701111e+00,-2.174067e+00,-2.208074e+00,-5.960669e-02,-8.851043e-02,-9.425665e-02,-5.265673e-01,-6.918848e-01,-7.190868e-01,-2.172082e+00,-2.875494e+00,-3.137396e+00,-8.514207e-04,-1.339974e-03,-1.847581e-03,-6.422129e-02,-9.189742e-02,-1.137011e-01,-4.233479e-01,-5.880201e-01,-6.993166e-01
1.35318,-4.187574e-03,-6.353910e-03,-6.979331e-03,-1.530913e-01,-2.077547e-01,-9.982456e-02,-1.719968e+00,-2.209324e+00,-2.266613e+00,-6.101166e-02,-9.129660e-02,-9.700232e-02,-5.324046e-01,-7.052275e-01,-7.436434e-01,-2.205244e+00,-2.931965e+00,-3.217020e+00,-8.699104e-04,-1.367598e-03,-1.883821e-03,-6.584368e-02,-9.451528e-02,-1.174383e-01,-4.294789e-01,-5.955467e-01,-7.095026e-01
1.36890,-4.323767e-03,-6.551758e-03,-7.170332e-03,-1.602701e-01,-2.160624e-01,-1.024857e-01,-1.737975e+00,-2.243533e+00,-2.323703e+00,-6.257834e-02,-9.423068e-02,-9.959425e-02,-5.381231e-01,-7.175323e-01,-7.670411e-01,-2.235792e+00,-2.986255e+00,-3.297379e+00,-8.890498e-04,-1.396171e-03,-1.921274e-03,-6.755948e-02,-9.699155e-02,-1.209794e-01,-4.358838e-01,-6.031743e-01,-7.196359e-01
1.38462,-4.467246e-03,-6.759912e-03,-7.370069e-03,-1.665926e-01,-2.212203e-01,-1.053437e-01,-1.755024e+00,-2.276697e+00,-2.379337e+00,-6.424247e-02,-9.744107e-02,-1.021549e-01,-5.457956e-01,-7.302133e-01,-7.893414e-01,-2.263616e+00,-3.037729e+00,-3.377209e+00,-9.088732e-04,-1.425742e-03,-1.960004e-03,-6.944242e-02,-9.943827e-02,-1.242887e-01,-4.417393e-01,-6.110955e-01,-7.293365e-01
1.40033,-4.618621e-03,-6.979202e-03,-7.579172e-03,-1.722355e-01,-2.238759e-01,-1.083419e-01,-1.771046e+00,-2.308739e+00,-2.433486e+00,-6.580580e-02,-1.008805e-01,-1.047667e-01,-5.559890e-01,-7.442339e-01,-8.109278e-01,-2.288984e+00,-3.085663e+00,-3.454530e+00,-9.294174e-04,-1.456365e-03,-2.000078e-03,-7.140369e-02,-1.019393e-01,-1.273848e-01,-4.466683e-01,-6.192950e-01,-7.387028e-01
1.41605,-4.778570e-03,-7.210555e-03,-7.798335e-03,-1.776310e-01,-2.255071e-01,-1.117596e-01,-1.785990e+00,-2.339404e+00,-2.486085e+00,-6.702505e-02,-1.043697e-01,-1.073857e-01,-5.676994e-01,-7.595514e-01,-8.322661e-01,-2.312240e+00,-3.129740e+00,-3.527795e+00,-9.507221e-04,-1.488096e-03,-2.041567e-03,-7.323581e-02,-1.044717e-01,-1.303460e-01,-4.510786e-01,-6.275640e-01,-7.482313e-01
1.43177,-4.947859e-03,-7.455008e-03,-8.028333e-03,-1.834509e-01,-2.276486e-01,-1.163221e-01,-1.799780e+00,-2.368377e+00,-2.537057e+00,-6.773032e-02,-1.077311e-01,-1.098547e-01,-5.792773e-01,-7.752896e-01,-8.535802e-01,-2.333491e+00,-3.170312e+00,-3.596438e+00,-9.728298e-04,-1.520996e-03,-2.084548e-03,-7.474502e-02,-1.069168e-01,-1.332686e-01,-4.558649e-01,-6.356839e-01,-7.583939e-01
1.44749,-5.127353e-03,-7.713724e-03,-8.270026e-03,-1.902576e-01,-2.313315e-01,-1.229227e-01,-1.812300e+00,-2.395467e+00,-2.586326e+00,-6.793279e-02,-1.108899e-01,-1.120234e-01,-5.893910e-01,-7.904549e-01,-8.747315e-01,-2.352364e+00,-3.208077e+00,-3.660698e+00,-9.957866e-04,-1.555133e-03,-2.129105e-03,-7.589248e-02,-1.091549e-01,-1.362047e-01,-4.616702e-01,-6.436215e-01,-7.692166e-01
1.46321,-5.318030e-03,-7.988017e-03,-8.524377e-03,-1.980709e-01,-2.370207e-01,-1.321091e-01,-1.823520e+00,-2.420649e+00,-2.633737e+00,-6.782814e-02,-1.139237e-01,-1.138256e-01,-5.975491e-01,-8.046127e-01,-8.953989e-01,-2.368064e+00,-3.243370e+00,-3.721239e+00,-1.019642e-03,-1.590576e-03,-2.175326e-03,-7.685584e-02,-1.111507e-01,-1.391363e-01,-4.683111e-01,-6.515632e-01,-7.802278e-01
1.47893,-5.521009e-03,-8.279372e-03,-8.792469e-03,-2.063783e-01,-2.447575e-01,-1.437263e-01,-1.833628e+00,-2.443939e+00,-2.678995e+00,-6.767926e-02,-1.170701e-01,-1.152559e-01,-6.042224e-01,-8.180122e-01,-9.154675e-01,-2.379996e+00,-3.275603e+00,-3.778769e+00,-1.044450e-03,-1.627404e-03,-2.223308e-03,-7.794957e-02,-1.129752e-01,-1.420018e-01,-4.748876e-01,-6.597683e-01,-7.908716e-01
1.49465,-5.737567e-03,-8.589478e-03,-9.075521e-03,-2.146748e-01,-2.542408e-01,-1.570598e-01,-1.842983e+00,-2.465370e+00,-2.721803e+00,-6.767978e-02,-1.206503e-01,-1.163481e-01,-6.106112e-01,-8.312035e-01,-9.353117e-01,-2.388554e+00,-3.303564e+00,-3.833620e+00,-1.070268e-03,-1.665699e-03,-2.273156e-03,-7.942197e-02,-1.147808e-01,-1.447282e-01,-4.805436e-01,-6.683316e-01,-8.010210e-01
1.51037,-5.969178e-03,-8.920266e-03,-9.374920e-03,-2.229797e-01,-2.649456e-01,-1.713535e-01,-1.851947e+00,-2.485158e+00,-2.762109e+00,-6.789551e-02,-1.249222e-01,-1.171850e-01,-6.180218e-01,-8.446250e-01,-9.556179e-01,-2.395055e+00,-3.326552e+00,-3.885432e+00,-1.097161e-03,-1.705552e-03,-2.324983e-03,-8.125587e-02,-1.167256e-01,-1.472549e-01,-4.852238e-01,-6.770341e-01,-8.110941e-01
1.52609,-6.217546e-03,-9.273954e-03,-9.692242e-03,-2.317416e-01,-2.763870e-01,-1.861982e-01,-1.860780e+00,-2.503782e+00,-2.800126e+00,-6.829779e-02,-1.299615e-01,-1.178442e-01,-6.270604e-01,-8.584360e-01,-9.767953e-01,-2.400764e+00,-3.345273e+00,-3.933230e+00,-1.125195e-03,-1.747062e-03,-2.378911e-03,-8.313773e-02,-1.188522e-01,-1.495819e-01,-4.897113e-01,-6.855164e-01,-8.216674e-01
1.54181,-6.484654e-03,-9.653099e-03,-1.002929e-02,-2.412008e-01,-2.883434e-01,-2.015229e-01,-1.869610e+00,-2.521781e+00,-2.836108e+00,-6.886635e-02,-1.356505e-01,-1.183081e-01,-6.372108e-01,-8.725048e-01,-9.985260e-01,-2.406066e+00,-3.361472e+00,-3.976119e+00,-1.154447e-03,-1.790335e-03,-2.435074e-03,-8.465918e-02,-1.210343e-01,-1.518106e-01,-4.949276e-01,-6.936785e-01,-8.329361e-01
1.55753,-6.772827e-03,-1.006067e-02,-1.038816e-02,-2.509060e-01,-3.008103e-01,-2.173741e-01,-1.878412e+00,-2.539504e+00,-2.870284e+00,-6.971637e-02,-1.417623e-01,-1.184643e-01,-6.471919e-01,-8.864740e-01,-1.019957e+00,-2.410432e+00,-3.376648e+00,-4.014105e+00,-1.184998e-03,-1.835489e-03,-2.493617e-03,-8.561834e-02,-1.230736e-01,-1.540994e-01,-5.011801e-01,-7.018096e-01,-8.445371e-01
1.57324,-7.084803e-03,-1.050013e-02,-1.077126e-02,-2.599751e-01,-3.137219e-01,-2.337703e-01,-1.887023e+00,-2.557052e+00,-2.902982e+00,-7.112793e-02,-1.480628e-01,-1.181922e-01,-6.558312e-01,-8.999517e-01,-1.040327e+00,-2.412901e+00,-3.391169e+00,-4.048271e+00,-1.216937e-03,-1.882651e-03,-2.554700e-03,-8.619088e-02,-1.248522e-01,-1.565529e-01,-5.079747e-01,-7.102768e-01,-8.559263e-01
1.58896,-7.423828e-03,-1.097556e-02,-1.118140e-02,-2.679001e-01,-3.267481e-01,-2.507344e-01,-1.895196e+00,-2.574326e+00,-2.934640e+00,-7.337555e-02,-1.543225e-01,-1.174381e-01,-6.627979e-01,-9.127442e-01,-1.059408e+00,-2.412679e+00,-3.404420e+00,-4.080236e+00,-1.250363e-03,-1.931960e-03,-2.618495e-03,-8.684202e-02,-1.264088e-01,-1.591433e-01,-5.144420e-01,-7.191749e-01,-8.669062e-01
1.60468,-7.793771e-03,-1.149174e-02,-1.162189e-02,-2.750675e-01,-3.394365e-01,-2.683826e-01,-1.902670e+00,-2.591108e+00,-2.965599e+00,-7.646847e-02,-1.601836e-01,-1.162791e-01,-6.687731e-01,-9.249446e-01,-1.077535e+00,-2.409531e+00,-3.415409e+00,-4.111443e+00,-1.285383e-03,-1.983571e-03,-2.685194e-03,-8.801552e-02,-1.279137e-01,-1.617223e-01,-5.200108e-01,-7.282730e-01,-8.777466e-01
1.62040,-8.199267e-03,-1.205439e-02,-1.209664e-02,-2.824116e-01,-3.515837e-01,-2.868822e-01,-1.909210e+00,-2.607111e+00,-2.995904e+00,-8.005706e-02,-1.650258e-01,-1.149784e-01,-6.750446e-01,-9.368583e-01,-1.095402e+00,-2.403629e+00,-3.423093e+00,-4.142564e+00,-1.322116e-03,-2.037653e-03,-2.755007e-03,-8.979626e-02,-1.295767e-01,-1.641152e-01,-5.248393e-01,-7.372225e-01,-8.888670e-01
1.63612,-8.645889e-03,-1.267032e-02,-1.261028e-02,-2.905295e-01,-3.634286e-01,-3.062777e-01,-1.914580e+00,-2.622030e+00,-3.025321e+00,-8.358882e-02,-1.681099e-01,-1.139600e-01,-6.827379e-01,-9.488992e-01,-1.113719e+00,-2.394887e+00,-3.426397e+00,-4.173053e+00,-1.360695e-03,-2.094392e-03,-2.828163e-03,-9.180826e-02,-1.315009e-01,-1.662369e-01,-5.296798e-01,-7.458541e-01,-9.004813e-01
1.65184,-9.140347e-03,-1.334765e-02,-1.316837e-02,-2.991686e-01,-3.754436e-01,-3.263689e-01,-1.918513e+00,-2.635575e+00,-3.053527e+00,-8.654892e-02,-1.689992e-01,-1.137071e-01,-6.921388e-01,-9.615267e-01,-1.132814e+00,-2.382438e+00,-3.424180e+00,-4.201039e+00,-1.401263e-03,-2.153996e-03,-2.904918e-03,-9.346493e-02,-1.335774e-01,-1.681670e-01,-5.352846e-01,-7.543416e-01,-9.124896e-01
1.66756,-9.690693e-03,-1.409618e-02,-1.377756e-02,-3.075931e-01,-3.879088e-01,-3.467631e-01,-1.920717e+00,-2.647448e+00,-3.080258e+00,-8.866338e-02,-1.678619e-01,-1.146920e-01,-7.026226e-01,-9.751342e-01,-1.152453e+00,-2.364899e+00,-3.415265e+00,-4.223658e+00,-1.443983e-03,-2.216692e-03,-2.985554e-03,-9.440749e-02,-1.355588e-01,-1.701200e-01,-5.418312e-01,-7.630628e-01,-9.246150e-01
1.68328,-1.030650e-02,-1.492758e-02,-1.444581e-02,-3.153930e-01,-4.006647e-01,-3.670479e-01,-1.920927e+00,-2.657320e+00,-3.105300e+00,-9.007110e-02,-1.654072e-01,-1.173405e-01,-7.131982e-01,-9.898057e-01,-1.172138e+00,-2.341229e+00,-3.398608e+00,-4.237797e+00,-1.489035e-03,-2.282737e-03,-3.070387e-03,-9.478536e-02,-1.372651e-01,-1.723009e-01,-5.488216e-01,-7.722846e-01,-9.366378e-01
1.69900,-1.099891e-02,-1.585573e-02,-1.518269e-02,-3.228612e-01,-4.132919e-01,-3.869634e-01,-1.918929e+00,-2.664867e+00,-3.128401e+00,-9.135288e-02,-1.626401e-01,-1.219387e-01,-7.231268e-01,-1.005136e+00,-1.191640e+00,-2.311493e+00,-3.373557e+00,-4.241037e+00,-1.536621e-03,-2.352416e-03,-3.159765e-03,-9.516399e-02,-1.387247e-01,-1.747482e-01,-5.555046e-01,-7.819499e-01,-9.485580e-01
1.71472,-1.178038e-02,-1.689678e-02,-1.599951e-02,-3.306078e-01,-4.255447e-01,-4.064721e-01,-1.914543e+00,-2.669832e+00,-3.149249e+00,-9.325304e-02,-1.606097e-01,-1.285005e-01,-7.322147e-01,-1.020429e+00,-1.211187e+00,-2.277160e+00,-3.340192e+00,-4.232310e+00,-1.586966e-03,-2.426048e-03,-3.254080e-03,-9.613973e-02,-1.401418e-01,-1.773059e-01,-5.614427e-01,-7.917306e-01,-9.605760e-01
1.73043,-1.266387e-02,-1.806886e-02,-1.690937e-02,-3.389506e-01,-4.376026e-01,-4.256696e-01,-1.907624e+00,-2.672027e+00,-3.167585e+00,-9.622249e-02,-1.601181e-01,-1.367284e-01,-7.408236e-01,-1.035179e+00,-1.231113e+00,-2.240826e+00,-3.299635e+00,-4.211924e+00,-1.640326e-03,-2.503992e-03,-3.353770e-03,-9.791685e-02,-1.417536e-01,-1.797495e-01,-5.668029e-01,-8.013136e-01,-9.729305e-01
1.74615,-1.366121e-02,-1.939111e-02,-1.792683e-02,-3.477317e-01,-4.499205e-01,-4.446349e-01,-1.898083e+00,-2.671252e+00,-3.183293e+00,-1.001388e-01,-1.614396e-01,-1.460986e-01,-7.496368e-01,-1.049373e+00,-1.251480e+00,-2.205143e+00,-3.254066e+00,-4.181134e+00,-1.696987e-03,-2.586652e-03,-3.459331e-03,-1.001278e-01,-1.436757e-01,-1.819385e-01,-5.722052e-01,-8.106607e-01,-9.857192e-01
1.76187,-1.478057e-02,-2.088164e-02,-1.906678e-02,-3.565720e-01,-4.628513e-01,-4.634018e-01,-1.885836e+00,-2.667276e+00,-3.196333e+00,-1.043891e-01,-1.642235e-01,-1.559854e-01,-7.591656e-01,-1.063416e+00,-1.272127e+00,-2.171185e+00,-3.206095e+00,-4.141692e+00,-1.757278e-03,-2.674488e-03,-3.571321e-03,-1.020586e-01,-1.458013e-01,-1.838920e-01,-5.782271e-01,-8.199961e-01,-9.988450e-01
1.77759,-1.602420e-02,-2.255458e-02,-2.034232e-02,-3.651837e-01,-4.763612e-01,-4.820560e-01,-1.870719e+00,-2.659890e+00,-3.206592e+00,-1.082245e-01,-1.676624e-01,-1.657703e-01,-7.693904e-01,-1.077873e+00,-1.292921e+00,-2.137664e+00,-3.157660e+00,-4.095445e+00,-1.821568e-03,-2.768021e-03,-3.690372e-03,-1.031614e-01,-1.478555e-01,-1.857859e-01,-5.849257e-01,-8.295818e-01,-1.012120e+00
1.79331,-1.738771e-02,-2.441756e-02,-2.176159e-02,-3.735257e-01,-4.900515e-01,-5.007943e-01,-1.852557e+00,-2.648878e+00,-3.213874e+00,-1.111786e-01,-1.708731e-01,-1.749212e-01,-7.799548e-01,-1.093207e+00,-1.313872e+00,-2.102032e+00,-3.109091e+00,-4.043963e+00,-1.890284e-03,-2.867848e-03,-3.817209e-03,-1.034734e-01,-1.496086e-01,-1.878611e-01,-5.917615e-01,-8.394866e-01,-1.025389e+00
1.80903,-1.886122e-02,-2.647150e-02,-2.332456e-02,-3.817832e-01,-5.034853e-01,-5.198314e-01,-1.831298e+00,-2.633937e+00,-3.217989e+00,-1.133233e-01,-1.733400e-01,-1.830357e-01,-7.905851e-01,-1.109484e+00,-1.335097e+00,-2.062648e+00,-3.059127e+00,-3.988329e+00,-1.963916e-03,-2.974651e-03,-3.952656e-03,-1.036083e-01,-1.510666e-01,-1.902521e-01,-5.979455e-01,-8.494617e-01,-1.038559e+00
1.82475,-2.042989e-02,-2.871306e-02,-2.502210e-02,-3.901850e-01,-5.165640e-01,-5.392213e-01,-1.806990e+00,-2.614677e+00,-3.218716e+00,-1.152142e-01,-1.751661e-01,-1.899153e-01,-8.011652e-01,-1.126222e+00,-1.356755e+00,-2.020057e+00,-3.006052e+00,-3.929181e+00,-2.043027e-03,-3.089220e-03,-4.097663e-03,-1.043373e-01,-1.524642e-01,-1.928756e-01,-6.028949e-01,-8.589917e-01,-1.051585e+00
1.84047,-2.207427e-02,-3.113638e-02,-2.683822e-02,-3.987962e-01,-5.295822e-01,-5.587918e-01,-1.779650e+00,-2.590744e+00,-3.215629e+00,-1.175508e-01,-1.769441e-01,-1.956906e-01,-8.115391e-01,-1.142675e+00,-1.378880e+00,-1.976482e+00,-2.949145e+00,-3.866834e+00,-2.128276e-03,-3.212468e-03,-4.253328e-03,-1.060610e-01,-1.540930e-01,-1.955012e-01,-6.064730e-01,-8.675107e-01,-1.064399e+00
1.85619,-2.377650e-02,-3.373432e-02,-2.875272e-02,-4.075051e-01,-5.428755e-01,-5.782963e-01,-1.749301e+00,-2.561937e+00,-3.207984e+00,-1.207398e-01,-1.793582e-01,-2.008228e-01,-8.214549e-01,-1.158329e+00,-1.401206e+00,-1.934301e+00,-2.889372e+00,-3.801350e+00,-2.220427e-03,-3.345458e-03,-4.420925e-03,-1.085086e-01,-1.561078e-01,-1.979252e-01,-6.088796e-01,-8.746103e-01,-1.076775e+00
1.87191,-2.552873e-02,-3.650570e-02,-3.074194e-02,-4.161907e-01,-5.564567e-01,-5.976301e-01,-1.716214e+00,-2.528222e+00,-3.194808e+00,-1.246229e-01,-1.827613e-01,-2.058727e-01,-8.306909e-01,-1.173073e+00,-1.423171e+00,-1.894725e+00,-2.828920e+00,-3.732721e+00,-2.320381e-03,-3.489436e-03,-4.601942e-03,-1.108807e-01,-1.584116e-01,-2.000882e-01,-6.103268e-01,-8.800647e-01,-1.088209e+00
1.88763,-2.733043e-02,-3.946513e-02,-3.278241e-02,-4.248207e-01,-5.700626e-01,-6.168745e-01,-1.681028e+00,-2.489751e+00,-3.175177e+00,-1.285642e-01,-1.869316e-01,-2.112247e-01,-8.391177e-01,-1.186959e+00,-1.444187e+00,-1.857251e+00,-2.769955e+00,-3.661265e+00,-2.429199e-03,-3.645872e-03,-4.798125e-03,-1.123908e-01,-1.606944e-01,-2.021019e-01,-6.107719e-01,-8.837331e-01,-1.098011e+00
1.90334,-2.918101e-02,-4.264161e-02,-3.485882e-02,-4.334221e-01,-5.834877e-01,-6.361444e-01,-1.644530e+00,-2.446991e+00,-3.148489e+00,-1.318660e-01,-1.911846e-01,-2.169438e-01,-8.467008e-01,-1.200009e+00,-1.463965e+00,-1.820009e+00,-2.713329e+00,-3.587948e+00,-2.548144e-03,-3.816502e-03,-5.011537e-03,-1.128421e-01,-1.626517e-01,-2.042040e-01,-6.098962e-01,-8.855098e-01,-1.105543e+00
1.91906,-3.108545e-02,-4.607014e-02,-3.696650e-02,-4.420779e-01,-5.967654e-01,-6.554514e-01,-1.607292e+00,-2.400809e+00,-3.114596e+00,-1.342356e-01,-1.948435e-01,-2.227860e-01,-8.536106e-01,-1.212301e+00,-1.482596e+00,-1.780932e+00,-2.658058e+00,-3.514129e+00,-2.678722e-03,-4.003402e-03,-5.244626e-03,-1.127955e-01,-1.642269e-01,-2.066154e-01,-6.073475e-01,-8.853312e-01,-1.110413e+00
1.93478,-3.306426e-02,-4.979269e-02,-3.910439e-02,-4.509461e-01,-6.100845e-01,-6.747296e-01,-1.569452e+00,-2.352266e+00,-3.073791e+00,-1.359903e-01,-1.977238e-01,-2.283857e-01,-8.602491e-01,-1.224023e+00,-1.500374e+00,-1.739192e+00,-2.602089e+00,-3.440805e+00,-2.822744e-03,-4.209054e-03,-5.500321e-03,-1.131950e-01,-1.656599e-01,-2.093680e-01,-6.030448e-01,-8.831675e-01,-1.112558e+00
1.95050,-3.515019e-02,-5.386187e-02,-4.127070e-02,-4.601898e-01,-6.236567e-01,-6.939287e-01,-1.530776e+00,-2.302171e+00,-3.026798e+00,-1.378482e-01,-2.002443e-01,-2.335584e-01,-8.668998e-01,-1.235297e+00,-1.517569e+00,-1.695890e+00,-2.543886e+00,-3.368128e+00,-2.982398e-03,-4.436455e-03,-5.782138e-03,-1.147212e-01,-1.673143e-01,-2.122704e-01,-5.972469e-01,-8.790249e-01,-1.112198e+00
1.96622,-3.738005e-02,-5.832812e-02,-4.346745e-02,-4.698668e-01,-6.376364e-01,-7.130547e-01,-1.490912e+00,-2.250745e+00,-2.974698e+00,-1.404432e-01,-2.031248e-01,-2.384669e-01,-8.732949e-01,-1.246008e+00,-1.534272e+00,-1.653360e+00,-2.483656e+00,-3.295680e+00,-3.160340e-03,-4.689234e-03,-6.094327e-03,-1.173130e-01,-1.694323e-01,-2.150571e-01,-5.903534e-01,-8.730124e-01,-1.109644e+00
1.98194,-3.979656e-02,-6.321061e-02,-4.570623e-02,-4.799050e-01,-6.520756e-01,-7.321904e-01,-1.449677e+00,-2.197716e+00,-2.918674e+00,-1.439062e-01,-2.069050e-01,-2.434993e-01,-8.787514e-01,-1.255850e+00,-1.550286e+00,-1.613711e+00,-2.423355e+00,-3.223092e+00,-3.359800e-03,-4.971803e-03,-6.442044e-03,-1.201760e-01,-1.719698e-01,-2.175734e-01,-5.826784e-01,-8.653951e-01,-1.105104e+00
1.99766,-4.243336e-02,-6.846164e-02,-4.800713e-02,-4.901694e-01,-6.669577e-01,-7.515117e-01,-1.407224e+00,-2.142772e+00,-2.859642e+00,-1.477714e-01,-2.115593e-01,-2.489896e-01,-8.828309e-01,-1.264521e+00,-1.565191e+00,-1.577796e+00,-2.365645e+00,-3.150499e+00,-3.584713e-03,-5.289535e-03,-6.831566e-03,-1.222980e-01,-1.745997e-01,-2.198617e-01,-5.743628e-01,-8.565444e-01,-1.098675e+00
2.01338,-4.525598e-02,-7.391732e-02,-5.039287e-02,-5.005502e-01,-6.822567e-01,-7.712285e-01,-1.364043e+00,-2.085980e+00,-2.798072e+00,-1.512543e-01,-2.164620e-01,-2.549836e-01,-8.857365e-01,-1.271865e+00,-1.578637e+00,-1.545236e+00,-2.312515e+00,-3.078741e+00,-3.839849e-03,-5.648961e-03,-7.270532e-03,-1.231593e-01,-1.769217e-01,-2.221359e-01,-5.653980e-01,-8.468116e-01,-1.090496e+00
2.02910,-4.811075e-02,-7.923678e-02,-5.288765e-02,-5.110033e-01,-6.979059e-01,-7.914661e-01,-1.320736e+00,-2.027853e+00,-2.734162e+00,-1.537617e-01,-2.207782e-01,-2.611670e-01,-8.880472e-01,-1.277938e+00,-1.590611e+00,-1.515043e+00,-2.264379e+00,-3.009319e+00,-4.130928e-03,-6.057957e-03,-7.768208e-03,-1.231310e-01,-1.787596e-01,-2.246636e-01,-5.556963e-01,-8.363985e-01,-1.080870e+00
2.04482,-5.076681e-02,-8.390026e-02,-5.552581e-02,-5.215119e-01,-7.137543e-01,-8.122028e-01,-1.277715e+00,-1.969106e+00,-2.668172e+00,-1.553040e-01,-2.240257e-01,-2.670219e-01,-8.902176e-01,-1.283042e+00,-1.601395e+00,-1.486125e+00,-2.220165e+00,-2.943872e+00,-4.464655e-03,-6.525859e-03,-8.335702e-03,-1.232347e-01,-1.803082e-01,-2.275846e-01,-5.451769e-01,-8.253031e-01,-1.070187e+00
2.06054,-5.305590e-02,-8.736764e-02,-5.836549e-02,-5.320234e-01,-7.296408e-01,-8.333037e-01,-1.235048e+00,-1.910387e+00,-2.600610e+00,-1.564873e-01,-2.263953e-01,-2.721687e-01,-8.923527e-01,-1.287661e+00,-1.611296e+00,-1.457393e+00,-2.178164e+00,-2.883306e+00,-4.848554e-03,-7.063365e-03,-8.986028e-03,-1.244361e-01,-1.820000e-01,-2.307881e-01,-5.337953e-01,-8.134077e-01,-1.058771e+00
2.07625,-5.499415e-02,-8.938797e-02,-6.149876e-02,-5.424665e-01,-7.454997e-01,-8.545954e-01,-1.192585e+00,-1.852093e+00,-2.532146e+00,-1.581180e-01,-2.286297e-01,-2.766552e-01,-8.943116e-01,-1.292231e+00,-1.620531e+00,-1.427755e+00,-2.136753e+00,-2.827165e+00,-5.290417e-03,-7.682000e-03,-9.733783e-03,-1.269818e-01,-1.842047e-01,-2.339884e-01,-5.214881e-01,-8.006383e-01,-1.046777e+00
2.09197,-5.676337e-02,-9.023519e-02,-6.505628e-02,-5.528279e-01,-7.613606e-01,-8.759501e-01,-1.150210e+00,-1.794288e+00,-2.463415e+00,-1.607273e-01,-2.315606e-01,-2.809502e-01,-8.959435e-01,-1.296876e+00,-1.629398e+00,-1.396309e+00,-2.094502e+00,-2.773769e+00,-5.797143e-03,-8.392798e-03,-1.059406e-02,-1.302195e-01,-1.869835e-01,-2.369547e-01,-5.081376e-01,-7.870270e-01,-1.034192e+00
2.10769,-5.859103e-02,-9.061131e-02,-6.920314e-02,-5.631322e-01,-7.772657e-01,-8.973497e-01,-1.107945e+00,-1.736804e+00,-2.394866e+00,-1.642564e-01,-2.355926e-01,-2.856287e-01,-8.972366e-01,-1.301384e+00,-1.638287e+00,-1.362729e+00,-2.050127e+00,-2.720929e+00,-6.372854e-03,-9.203941e-03,-1.158020e-02,-1.330229e-01,-1.900363e-01,-2.396698e-01,-4.936240e-01,-7.726354e-01,-1.020951e+00
2.12341,-6.065428e-02,-9.127640e-02,-7.410344e-02,-5.733108e-01,-7.931939e-01,-9.188521e-01,-1.065809e+00,-1.679485e+00,-2.326662e+00,-1.680746e-01,-2.404549e-01,-2.909993e-01,-8.982283e-01,-1.305414e+00,-1.647360e+00,-1.327529e+00,-2.002860e+00,-2.666660e+00,-7.016664e-03,-1.011752e-02,-1.270007e-02,-1.345625e-01,-1.928756e-01,-2.423138e-01,-4.778717e-01,-7.574422e-01,-1.007070e+00
2.13913,-6.304524e-02,-9.272220e-02,-7.983878e-02,-5.831456e-01,-8.090073e-01,-9.404749e-01,-1.023625e+00,-1.622312e+00,-2.258649e+00,-1.713869e-01,-2.453958e-01,-2.969382e-01,-8.988226e-01,-1.308669e+00,-1.656294e+00,-1.291873e+00,-1.953009e+00,-2.609599e+00,-7.721099e-03,-1.112658e-02,-1.395171e-02,-1.348910e-01,-1.951599e-01,-2.451423e-01,-4.607886e-01,-7.413192e-01,-9.926326e-01
2.15485,-6.577232e-02,-9.506793e-02,-8.632193e-02,-5.923643e-01,-8.244500e-01,-9.621287e-01,-9.810453e-01,-1.565253e+00,-2.190502e+00,-1.737740e-01,-2.496860e-01,-3.029978e-01,-8.988321e-01,-1.310948e+00,-1.664452e+00,-1.257006e+00,-1.902032e+00,-2.549359e+00,-8.472278e-03,-1.221419e-02,-1.532034e-02,-1.349124e-01,-1.969628e-01,-2.483256e-01,-4.421537e-01,-7.241306e-01,-9.776685e-01
2.17057,-6.876897e-02,-9.813895e-02,-9.326782e-02,-6.007523e-01,-8.392524e-01,-9.836287e-01,-9.377491e-01,-1.508042e+00,-2.122007e+00,-1.754547e-01,-2.530815e-01,-3.087036e-01,-8.982018e-01,-1.312203e+00,-1.671264e+00,-1.223799e+00,-1.851895e+00,-2.486776e+00,-9.252196e-03,-1.335573e-02,-1.677895e-02,-1.357591e-01,-1.987403e-01,-2.518239e-01,-4.215948e-01,-7.058244e-01,-9.621081e-01
2.18629,-7.189982e-02,-1.016305e-01,-1.002397e-01,-6.081662e-01,-8.532355e-01,-1.004746e+00,-8.935446e-01,-1.450192e+00,-2.053153e+00,-1.770969e-01,-2.559518e-01,-3.138734e-01,-8.970482e-01,-1.312599e+00,-1.676471e+00,-1.192656e+00,-1.804147e+00,-2.423676e+00,-1.004268e-02,-1.452384e-02,-1.829313e-02,-1.380212e-01,-2.010081e-01,-2.554114e-01,-3.986965e-01,-6.863386e-01,-9.458735e-01
2.20201,-7.499804e-02,-1.052560e-01,-1.067726e-01,-6.144944e-01,-8.662572e-01,-1.025308e+00,-8.482941e-01,-1.391220e+00,-1.983893e+00,-1.793419e-01,-2.590094e-01,-3.187360e-01,-8.954537e-01,-1.312407e+00,-1.680208e+00,-1.163604e+00,-1.759363e+00,-2.362113e+00,-1.082966e-02,-1.569446e-02,-1.982824e-02,-1.413631e-01,-2.039880e-01,-2.588651e-01,-3.731531e-01,-6.654276e-01,-9.289367e-01
2.21773,-7.794410e-02,-1.088196e-01,-1.125539e-01,-6.196451e-01,-8.780943e-01,-1.045268e+00,-8.018634e-01,-1.330834e+00,-1.913853e+00,-1.823858e-01,-2.628132e-01,-3.237495e-01,-8.933221e-01,-1.311736e+00,-1.682940e+00,-1.136293e+00,-1.717274e+00,-2.303529e+00,-1.160471e-02,-1.685117e-02,-2.135617e-02,-1.447633e-01,-2.074694e-01,-2.621429e-01,-3.449116e-01,-6.427055e-01,-9.112438e-01
2.23344,-8.072876e-02,-1.122302e-01,-1.175468e-01,-6.235326e-01,-8.884638e-01,-1.064587e+00,-7.542299e-01,-1.268961e+00,-1.842379e+00,-1.858853e-01,-2.673861e-01,-3.292570e-01,-8.904070e-01,-1.310337e+00,-1.685160e+00,-1.109974e+00,-1.677239e+00,-2.248314e+00,-1.236274e-02,-1.798452e-02,-2.285864e-02,-1.471962e-01,-2.109434e-01,-2.653822e-01,-3.143129e-01,-6.179093e-01,-8.925929e-01
2.24916,-8.343254e-02,-1.154906e-01,-1.219531e-01,-6.260035e-01,-8.971400e-01,-1.083052e+00,-7.055789e-01,-1.205733e+00,-1.768947e+00,-1.892337e-01,-2.722404e-01,-3.352453e-01,-8.863501e-01,-1.307627e+00,-1.686896e+00,-1.083706e+00,-1.638554e+00,-2.195930e+00,-1.309846e-02,-1.908765e-02,-2.432494e-02,-1.483159e-01,-2.139228e-01,-2.687673e-01,-2.821321e-01,-5.910983e-01,-8.726443e-01
2.26488,-8.611943e-02,-1.186648e-01,-1.260564e-01,-6.267928e-01,-9.039485e-01,-1.100286e+00,-6.561807e-01,-1.141499e+00,-1.693540e+00,-1.919876e-01,-2.767702e-01,-3.413840e-01,-8.807309e-01,-1.302874e+00,-1.687410e+00,-1.056823e+00,-1.600512e+00,-2.145520e+00,-1.380508e-02,-2.015276e-02,-2.574715e-02,-1.486818e-01,-2.162753e-01,-2.724097e-01,-2.493787e-01,-5.626285e-01,-8.511294e-01
2.28060,-8.875658e-02,-1.218257e-01,-1.300676e-01,-6.256284e-01,-9.086211e-01,-1.115949e+00,-6.061291e-01,-1.076750e+00,-1.616674e+00,-1.941209e-01,-2.806464e-01,-3.472839e-01,-8.732817e-01,-1.295456e+00,-1.685414e+00,-1.029310e+00,-1.562499e+00,-2.096463e+00,-1.447726e-02,-2.117189e-02,-2.711732e-02,-1.493590e-01,-2.183410e-01,-2.762889e-01,-2.169242e-01,-5.329770e-01,-8.280774e-01
2.29632,-9.126564e-02,-1.250145e-01,-1.340802e-01,-6.223979e-01,-9.107437e-01,-1.129828e+00,-5.551819e-01,-1.011874e+00,-1.539089e+00,-1.959625e-01,-2.839487e-01,-3.527415e-01,-8.641493e-01,-1.285157e+00,-1.679707e+00,-1.001667e+00,-1.524219e+00,-2.048494e+00,-1.511733e-02,-2.214261e-02,-2.842903e-02,-1.511918e-01,-2.207101e-01,-2.802766e-01,-1.852494e-01,-5.025393e-01,-8.038149e-01
2.31204,-9.364588e-02,-1.282499e-01,-1.381497e-01,-6.172126e-01,-9.099215e-01,-1.141680e+00,-5.027851e-01,-9.468916e-01,-1.461446e+00,-1.979600e-01,-2.870578e-01,-3.578131e-01,-8.539278e-01,-1.272404e+00,-1.669833e+00,-9.743611e-01,-1.485791e+00,-2.001433e+00,-1.573764e-02,-2.307407e-02,-2.968273e-02,-1.542767e-01,-2.238147e-01,-2.842535e-01,-1.545138e-01,-4.714941e-01,-7.787623e-01
2.32776,-9.602153e-02,-1.315700e-01,-1.423870e-01,-6.103077e-01,-9.059787e-01,-1.151015e+00,-4.482135e-01,-8.813843e-01,-1.384154e+00,-2.004665e-01,-2.904472e-01,-3.627440e-01,-8.434483e-01,-1.258211e+00,-1.656324e+00,-9.473781e-01,-1.447479e+00,-1.954936e+00,-1.635157e-02,-2.398360e-02,-3.088964e-02,-1.579655e-01,-2.276489e-01,-2.882231e-01,-1.248279e-01,-4.398358e-01,-7.532203e-01
2.34348,-9.854421e-02,-1.350489e-01,-1.469431e-01,-6.018676e-01,-8.989907e-01,-1.157084e+00,-3.907274e-01,-8.146230e-01,-1.307278e+00,-2.035988e-01,-2.944623e-01,-3.678514e-01,-8.334890e-01,-1.243766e+00,-1.640441e+00,-9.202763e-01,-1.409312e+00,-1.908551e+00,-1.695905e-02,-2.488150e-02,-3.206625e-02,-1.613224e-01,-2.317971e-01,-2.922901e-01,-9.644849e-02,-4.076027e-01,-7.272561e-01
2.35920,-1.012343e-01,-1.387532e-01,-1.519036e-01,-5.919964e-01,-8.891752e-01,-1.159085e+00,-3.296657e-01,-7.457836e-01,-1.230448e+00,-2.071730e-01,-2.991632e-01,-3.734001e-01,-8.244562e-01,-1.229936e+00,-1.623583e+00,-8.926318e-01,-1.370979e+00,-1.861913e+00,-1.754272e-02,-2.575793e-02,-3.321980e-02,-1.636950e-01,-2.357124e-01,-2.965305e-01,-6.976215e-02,-3.751307e-01,-7.007276e-01
2.37492,-1.039445e-01,-1.426677e-01,-1.572145e-01,-5.809199e-01,-8.767878e-01,-1.156435e+00,-2.644627e-01,-6.741230e-01,-1.152901e+00,-2.108019e-01,-3.043080e-01,-3.794946e-01,-8.160837e-01,-1.216923e+00,-1.606757e+00,-8.644489e-01,-1.332119e+00,-1.814832e+00,-1.808158e-02,-2.658815e-02,-3.433854e-02,-1.650769e-01,-2.390576e-01,-3.009242e-01,-4.512048e-02,-3.430677e-01,-6.734646e-01
2.39064,-1.065152e-01,-1.466719e-01,-1.627250e-01,-5.691550e-01,-8.621435e-01,-1.148949e+00,-1.946464e-01,-5.990643e-01,-1.073672e+00,-2.141458e-01,-3.094998e-01,-3.860423e-01,-8.074138e-01,-1.204189e+00,-1.590257e+00,-8.361809e-01,-1.292701e+00,-1.767258e+00,-1.857383e-02,-2.735606e-02,-3.540072e-02,-1.660909e-01,-2.419133e-01,-3.054234e-01,-2.266081e-02,-3.121018e-01,-6.454894e-01
2.40635,-1.089575e-01,-1.506266e-01,-1.683054e-01,-5.573693e-01,-8.457479e-01,-1.136826e+00,-1.198762e-01,-5.202047e-01,-9.918661e-01,-2.171202e-01,-3.144156e-01,-3.928144e-01,-7.972856e-01,-1.190690e+00,-1.573645e+00,-8.083629e-01,-1.253095e+00,-1.719265e+00,-1.904741e-02,-2.807661e-02,-3.639725e-02,-1.676046e-01,-2.447304e-01,-3.100290e-01,-2.216961e-03,-2.826265e-01,-6.170858e-01
2.42207,-1.114527e-01,-1.545014e-01,-1.739180e-01,-5.460011e-01,-8.283239e-01,-1.120494e+00,-4.002998e-02,-4.372963e-01,-9.068449e-01,-2.199002e-01,-3.189796e-01,-3.995627e-01,-7.851029e-01,-1.175393e+00,-1.556074e+00,-7.811879e-01,-1.213769e+00,-1.670991e+00,-1.954005e-02,-2.879173e-02,-3.734767e-02,-1.702036e-01,-2.480443e-01,-3.147795e-01,1.666050e-02,-2.545739e-01,-5.886430e-01
2.43779,-1.141537e-01,-1.584029e-01,-1.795871e-01,-5.349672e-01,-8.105749e-01,-1.100517e+00,4.471789e-02,-3.502448e-01,-8.182752e-01,-2.227718e-01,-3.233763e-01,-4.061343e-01,-7.713012e-01,-1.157851e+00,-1.536786e+00,-7.543949e-01,-1.174904e+00,-1.622528e+00,-2.006282e-02,-2.953521e-02,-3.829075e-02,-1.738547e-01,-2.521416e-01,-3.197074e-01,3.459201e-02,-2.274491e-01,-5.603706e-01
2.45351,-1.170023e-01,-1.624548e-01,-1.853252e-01,-5.237201e-01,-7.928267e-01,-1.077611e+00,1.338974e-01,-2.591274e-01,-7.260935e-01,-2.259578e-01,-3.279096e-01,-4.125470e-01,-7.571613e-01,-1.138529e+00,-1.515476e+00,-7.275442e-01,-1.136294e+00,-1.573845e+00,-2.058553e-02,-3.029802e-02,-3.925202e-02,-1.779545e-01,-2.569006e-01,-3.248292e-01,5.214182e-02,-2.005165e-01,-5.320926e-01
2.46923,-1.197757e-01,-1.666403e-01,-1.911021e-01,-5.116594e-01,-7.748635e-01,-1.052611e+00,2.268278e-01,-1.641822e-01,-6.304600e-01,-2.295078e-01,-3.328181e-01,-4.189785e-01,-7.441517e-01,-1.118720e+00,-1.492418e+00,-7.004015e-01,-1.097608e+00,-1.524855e+00,-2.106163e-02,-3.103210e-02,-4.021731e-02,-1.817011e-01,-2.618934e-01,-3.301446e-01,6.952985e-02,-1.731348e-01,-5.032837e-01
2.48495,-1.223248e-01,-1.707798e-01,-1.968670e-01,-4.986183e-01,-7.561468e-01,-1.026287e+00,3.227303e-01,-6.573520e-02,-5.316989e-01,-2.332989e-01,-3.381622e-01,-4.256574e-01,-7.332629e-01,-1.100060e+00,-1.468474e+00,-6.731284e-01,-1.058764e+00,-1.475564e+00,-2.147226e-02,-3.169435e-02,-4.114329e-02,-1.845664e-01,-2.666456e-01,-3.356267e-01,8.651265e-02,-1.451125e-01,-4.733295e-01
2.50067,-1.247373e-01,-1.746979e-01,-2.025706e-01,-4.850498e-01,-7.363392e-01,-9.991450e-01,4.208281e-01,3.587429e-02,-4.302021e-01,-2.371332e-01,-3.438197e-01,-4.327278e-01,-7.246471e-01,-1.083862e+00,-1.444926e+00,-6.462214e-01,-1.020098e+00,-1.426211e+00,-2.184939e-02,-3.229051e-02,-4.199921e-02,-1.865974e-01,-2.708978e-01,-3.412361e-01,1.025999e-01,-1.168108e-01,-4.418690e-01
2.51639,-1.272471e-01,-1.784181e-01,-2.081627e-01,-4.717612e-01,-7.157618e-01,-9.714186e-01,5.204246e-01,1.403031e-01,-3.263396e-01,-2.408651e-01,-3.495642e-01,-4.401791e-01,-7.176183e-01,-1.070549e+00,-1.423087e+00,-6.202794e-01,-9.822473e-01,-1.377305e+00,-2.224959e-02,-3.287460e-02,-4.279858e-02,-1.883648e-01,-2.747434e-01,-3.469552e-01,1.174559e-01,-8.887901e-02,-4.090316e-01
2.53211,-1.300049e-01,-1.821700e-01,-2.136102e-01,-4.594114e-01,-6.953746e-01,-9.433073e-01,6.209622e-01,2.471747e-01,-2.204382e-01,-2.444743e-01,-3.551913e-01,-4.478585e-01,-7.109508e-01,-1.059440e+00,-1.403775e+00,-5.956961e-01,-9.458663e-01,-1.329536e+00,-2.269936e-02,-3.349987e-02,-4.358922e-02,-1.905840e-01,-2.785600e-01,-3.527891e-01,1.311625e-01,-6.181759e-02,-3.753971e-01
2.54783,-1.329667e-01,-1.861949e-01,-2.189535e-01,-4.481543e-01,-6.762476e-01,-9.152965e-01,7.220877e-01,3.560811e-01,-1.128274e-01,-2.480370e-01,-3.606328e-01,-4.555358e-01,-7.033758e-01,-1.049027e+00,-1.386953e+00,-5.724156e-01,-9.113423e-01,-1.283531e+00,-2.317008e-02,-3.416817e-02,-4.441013e-02,-1.936517e-01,-2.827566e-01,-3.587251e-01,1.441816e-01,-3.567789e-02,-3.416703e-01
2.56355,-1.359919e-01,-1.905517e-01,-2.243411e-01,-4.376518e-01,-6.589346e-01,-8.882610e-01,8.237366e-01,4.666533e-01,-3.868001e-03,-2.516351e-01,-3.659665e-01,-4.630195e-01,-6.941001e-01,-1.037626e+00,-1.371686e+00,-5.499132e-01,-8.785847e-01,-1.239615e+00,-2.360800e-02,-3.483020e-02,-4.525578e-02,-1.974006e-01,-2.874898e-01,-3.647030e-01,1.571023e-01,-1.006792e-02,-3.082897e-01
2.57926,-1.389919e-01,-1.951094e-01,-2.299692e-01,-4.273818e-01,-6.432124e-01,-8.631713e-01,9.261704e-01,5.786886e-01,1.061109e-01,-2.552935e-01,-3.713161e-01,-4.702755e-01,-6.831068e-01,-1.024105e+00,-1.356466e+00,-5.274144e-01,-8.469850e-01,-1.197708e+00,-2.398550e-02,-3.543535e-02,-4.608433e-02,-2.011964e-01,-2.925219e-01,-3.706182e-01,1.703327e-01,1.560395e-02,-2.752345e-01
2.59498,-1.419636e-01,-1.996918e-01,-2.359476e-01,-4.169976e-01,-6.283361e-01,-8.405859e-01,1.029819e+00,6.922734e-01,2.169344e-01,-2.589657e-01,-3.767443e-01,-4.774283e-01,-6.710853e-01,-1.008312e+00,-1.339805e+00,-5.042031e-01,-8.156004e-01,-1.157349e+00,-2.432649e-02,-3.598057e-02,-4.686175e-02,-2.042759e-01,-2.973161e-01,-3.763247e-01,1.839028e-01,4.180896e-02,-2.421218e-01
2.61070,-1.449340e-01,-2.042099e-01,-2.422057e-01,-4.065062e-01,-6.135812e-01,-8.203062e-01,1.134845e+00,8.077961e-01,3.286765e-01,-2.625426e-01,-3.822008e-01,-4.846153e-01,-6.590514e-01,-9.910046e-01,-1.320867e+00,-4.798628e-01,-7.835035e-01,-1.117785e+00,-2.468457e-02,-3.651232e-02,-4.759555e-02,-2.061421e-01,-3.013109e-01,-3.816288e-01,1.975211e-01,6.864086e-02,-2.084581e-01
2.62642,-1.479241e-01,-2.086905e-01,-2.485421e-01,-3.961714e-01,-5.986722e-01,-8.014631e-01,1.240556e+00,9.257586e-01,4.416942e-01,-2.658969e-01,-3.875296e-01,-4.918397e-01,-6.478892e-01,-9.734309e-01,-1.299795e+00,-4.543664e-01,-7.501311e-01,-1.078111e+00,-2.509175e-02,-3.708144e-02,-4.832523e-02,-2.068201e-01,-3.041923e-01,-3.863183e-01,2.108481e-01,9.577510e-02,-1.738856e-01
2.64214,-1.509477e-01,-2.132179e-01,-2.547955e-01,-3.862617e-01,-5.838283e-01,-7.830257e-01,1.345024e+00,1.046381e+00,5.566065e-01,-2.689451e-01,-3.925341e-01,-4.989508e-01,-6.380486e-01,-9.568341e-01,-1.277586e+00,-4.279850e-01,-7.154460e-01,-1.037520e+00,-2.552697e-02,-3.769411e-02,-4.908232e-02,-2.068178e-01,-3.060183e-01,-3.902294e-01,2.237650e-01,1.227051e-01,-1.383671e-01
2.65786,-1.540206e-01,-2.178560e-01,-2.609801e-01,-3.768776e-01,-5.694644e-01,-7.643992e-01,1.445245e+00,1.169150e+00,6.741888e-01,-2.716646e-01,-3.970617e-01,-5.057230e-01,-6.295015e-01,-9.420536e-01,-1.255638e+00,-4.010848e-01,-6.798397e-01,-9.956180e-01,-2.593693e-02,-3.830611e-02,-4.985983e-02,-2.068042e-01,-3.071519e-01,-3.932882e-01,2.364199e-01,1.490874e-01,-1.022345e-01
2.67358,-1.571728e-01,-2.226159e-01,-2.672540e-01,-3.679539e-01,-5.558428e-01,-7.456743e-01,1.537844e+00,1.292575e+00,7.951511e-01,-2.740722e-01,-4.010622e-01,-5.119465e-01,-6.218910e-01,-9.292887e-01,-1.235243e+00,-3.739390e-01,-6.438639e-01,-9.525635e-01,-2.628709e-02,-3.886610e-02,-5.061996e-02,-2.072154e-01,-3.080589e-01,-3.955016e-01,2.490648e-01,1.749335e-01,-6.599803e-02
2.68930,-1.604433e-01,-2.274833e-01,-2.737592e-01,-3.593502e-01,-5.429398e-01,-7.273735e-01,1.619949e+00,1.414377e+00,9.198289e-01,-2.762144e-01,-4.046052e-01,-5.175136e-01,-6.147104e-01,-9.180776e-01,-1.217156e+00,-3.465985e-01,-6.079646e-01,-9.089248e-01,-2.659441e-02,-3.936575e-02,-5.133273e-02,-2.080480e-01,-3.090753e-01,-3.969527e-01,2.619086e-01,2.005267e-01,-2.999623e-02
2.70502,-1.638420e-01,-2.324540e-01,-2.804962e-01,-3.509028e-01,-5.305250e-01,-7.099524e-01,1.689762e+00,1.532024e+00,1.047891e+00,-2.781551e-01,-4.078335e-01,-5.224886e-01,-6.074464e-01,-9.075267e-01,-1.201331e+00,-3.188359e-01,-5.723244e-01,-8.653567e-01,-2.691428e-02,-3.984995e-02,-5.200779e-02,-2.089429e-01,-3.102427e-01,-3.978044e-01,2.751268e-01,2.261924e-01,5.843777e-03
2.72074,-1.673265e-01,-2.375305e-01,-2.873422e-01,-3.424124e-01,-5.182741e-01,-6.934457e-01,1.746676e+00,1.643289e+00,1.178201e+00,-2.799406e-01,-4.108737e-01,-5.270826e-01,-5.997490e-01,-8.967346e-01,-1.186966e+00,-2.902274e-01,-5.368224e-01,-8.223368e-01,-2.729292e-02,-4.037849e-02,-5.268858e-02,-2.094495e-01,-3.113079e-01,-3.982547e-01,2.888970e-01,2.521598e-01,4.191628e-02
2.73645,-1.708433e-01,-2.427008e-01,-2.941773e-01,-3.336752e-01,-5.058428e-01,-6.774364e-01,1.791183e+00,1.746459e+00,1.308914e+00,-2.815879e-01,-4.137849e-01,-5.315227e-01,-5.915995e-01,-8.852096e-01,-1.172912e+00,-2.603481e-01,-5.011102e-01,-7.800697e-01,-2.772644e-02,-4.097352e-02,-5.341435e-02,-2.092940e-01,-3.119127e-01,-3.984452e-01,3.033252e-01,2.785647e-01,7.862014e-02
2.75217,-1.743959e-01,-2.479481e-01,-3.009938e-01,-3.246260e-01,-4.929821e-01,-6.612894e-01,1.824681e+00,1.840218e+00,1.437774e+00,-2.831137e-01,-4.165659e-01,-5.359274e-01,-5.832935e-01,-8.730399e-01,-1.158258e+00,-2.289052e-01,-4.647800e-01,-7.385028e-01,-2.816258e-02,-4.159861e-02,-5.418398e-02,-2.085418e-01,-3.118492e-01,-3.984164e-01,3.183601e-01,3.054501e-01,1.161516e-01
2.76789,-1.780608e-01,-2.532892e-01,-3.078897e-01,-3.154539e-01,-4.797034e-01,-6.445107e-01,1.849091e+00,1.923559e+00,1.562410e+00,-2.845425e-01,-4.191787e-01,-5.402741e-01,-5.752136e-01,-8.607427e-01,-1.142755e+00,-1.956693e-01,-4.274938e-01,-6.973834e-01,-2.854242e-02,-4.218740e-02,-5.495435e-02,-2.075865e-01,-3.111975e-01,-3.981588e-01,3.338483e-01,3.327220e-01,1.545249e-01
2.78361,-1.819252e-01,-2.587950e-01,-3.149706e-01,-3.065178e-01,-4.663422e-01,-6.270549e-01,1.866326e+00,1.995935e+00,1.680527e+00,-2.858811e-01,-4.215840e-01,-5.444377e-01,-5.676179e-01,-8.489317e-01,-1.126831e+00,-1.603037e-01,-3.889420e-01,-6.563323e-01,-2.884714e-02,-4.269725e-02,-5.567626e-02,-2.069390e-01,-3.102884e-01,-3.977044e-01,3.496794e-01,3.601907e-01,1.936321e-01
2.79933,-1.860094e-01,-2.645546e-01,-3.222810e-01,-2.981249e-01,-4.534124e-01,-6.093768e-01,1.877856e+00,2.057461e+00,1.790071e+00,-2.871229e-01,-4.237843e-01,-5.482806e-01,-5.606016e-01,-8.380226e-01,-1.111269e+00,-1.223093e-01,-3.486879e-01,-6.148934e-01,-2.911542e-02,-4.314488e-02,-5.633589e-02,-2.069188e-01,-3.095557e-01,-3.971833e-01,3.658751e-01,3.877249e-01,2.332582e-01
2.81505,-1.902545e-01,-2.706045e-01,-3.298299e-01,-2.903666e-01,-4.413452e-01,-5.921775e-01,1.884586e+00,2.108922e+00,1.889476e+00,-2.882933e-01,-4.258396e-01,-5.517601e-01,-5.541486e-01,-8.281050e-01,-1.096781e+00,-8.117500e-02,-3.061151e-01,-5.725391e-01,-2.941691e-02,-4.359607e-02,-5.696693e-02,-2.074728e-01,-3.093360e-01,-3.968385e-01,3.825780e-01,4.153704e-01,2.731691e-01
2.83077,-1.945848e-01,-2.769021e-01,-3.376381e-01,-2.830838e-01,-4.302890e-01,-5.760642e-01,1.887044e+00,2.151564e+00,1.977961e+00,-2.894531e-01,-4.278447e-01,-5.549799e-01,-5.481309e-01,-8.189632e-01,-1.083679e+00,-3.663195e-02,-2.605841e-01,-5.286946e-01,-2.979881e-02,-4.411683e-02,-5.762604e-02,-2.082479e-01,-3.096894e-01,-3.969733e-01,3.999813e-01,4.433371e-01,3.132621e-01
2.84649,-1.989707e-01,-2.833702e-01,-3.457366e-01,-2.759200e-01,-4.200543e-01,-5.613472e-01,1.885668e+00,2.186759e+00,2.055700e+00,-2.906440e-01,-4.298985e-01,-5.581518e-01,-5.422608e-01,-8.101934e-01,-1.071759e+00,1.117779e-02,-2.116849e-01,-4.828173e-01,-3.024941e-02,-4.472326e-02,-5.835106e-02,-2.088200e-01,-3.103490e-01,-3.977896e-01,4.182539e-01,4.719257e-01,3.536339e-01
2.86221,-2.034171e-01,-2.899544e-01,-3.541348e-01,-2.684422e-01,-4.101886e-01,-5.479920e-01,1.880978e+00,2.215715e+00,2.123717e+00,-2.918700e-01,-4.320746e-01,-5.615025e-01,-5.361450e-01,-8.013525e-01,-1.060432e+00,6.174410e-02,-1.594058e-01,-4.344963e-01,-3.070798e-02,-4.536973e-02,-5.913222e-02,-2.089137e-01,-3.108775e-01,-3.992161e-01,4.374992e-01,5.014471e-01,3.945497e-01
2.87793,-2.078938e-01,-2.966278e-01,-3.627946e-01,-2.603354e-01,-4.001350e-01,-5.356616e-01,1.873618e+00,2.239386e+00,2.183531e+00,-2.931155e-01,-4.343753e-01,-5.651710e-01,-5.294859e-01,-7.920729e-01,-1.049010e+00,1.143859e-01,-1.041106e-01,-3.835315e-01,-3.110854e-02,-4.598281e-02,-5.991924e-02,-2.085221e-01,-3.109474e-01,-4.009019e-01,4.577304e-01,5.321215e-01,4.363756e-01
2.89365,-2.123157e-01,-3.033453e-01,-3.716269e-01,-2.515699e-01,-3.894329e-01,-5.238241e-01,1.864301e+00,2.258564e+00,2.236711e+00,-2.943004e-01,-4.366739e-01,-5.691030e-01,-5.222417e-01,-7.821304e-01,-1.036985e+00,1.684336e-01,-4.634474e-02,-3.299681e-01,-3.142387e-02,-4.651286e-02,-6.065981e-02,-2.078933e-01,-3.105284e-01,-4.023957e-01,4.788046e-01,5.639736e-01,4.794544e-01
2.90936,-2.165964e-01,-3.100204e-01,-3.805265e-01,-2.423861e-01,-3.778954e-01,-5.118971e-01,1.853633e+00,2.273992e+00,2.284545e+00,-2.952116e-01,-4.386969e-01,-5.729854e-01,-5.146005e-01,-7.714924e-01,-1.024146e+00,2.232883e-01,1.338802e-02,-2.740555e-01,-3.168501e-02,-4.696798e-02,-6.133761e-02,-2.073814e-01,-3.098496e-01,-4.033707e-01,5.003289e-01,5.967500e-01,5.239061e-01
2.92508,-2.206831e-01,-3.165599e-01,-3.894197e-01,-2.331113e-01,-3.656610e-01,-4.993921e-01,1.841880e+00,2.286321e+00,2.327943e+00,-2.955932e-01,-4.401023e-01,-5.763356e-01,-5.068665e-01,-7.603449e-01,-1.010525e+00,2.783793e-01,7.471496e-02,-2.161297e-01,-3.196357e-02,-4.740923e-02,-6.198163e-02,-2.072270e-01,-3.092245e-01,-4.037506e-01,5.216424e-01,6.298606e-01,5.694701e-01
2.94080,-2.245411e-01,-3.228887e-01,-3.982657e-01,-2.239857e-01,-3.530732e-01,-4.860402e-01,1.828834e+00,2.295880e+00,2.367466e+00,-2.953711e-01,-4.406530e-01,-5.787342e-01,-4.993849e-01,-7.490675e-01,-9.963177e-01,3.331164e-01,1.373305e-01,-1.564793e-01,-3.232346e-02,-4.791021e-02,-6.264471e-02,-2.074034e-01,-3.088882e-01,-4.036957e-01,5.419177e-01,6.623801e-01,6.154836e-01
2.95652,-2.281384e-01,-3.289420e-01,-4.070123e-01,-2.151133e-01,-3.404897e-01,-4.718485e-01,1.813779e+00,2.302458e+00,2.403341e+00,-2.947236e-01,-4.403717e-01,-5.800095e-01,-4.924698e-01,-7.381505e-01,-9.818714e-01,3.869184e-01,2.009044e-01,-9.528400e-02,-3.277512e-02,-4.850695e-02,-6.336812e-02,-2.076580e-01,-3.088898e-01,-4.034957e-01,5.602723e-01,6.931466e-01,6.609277e-01
2.97224,-2.314418e-01,-3.346651e-01,-4.155686e-01,-2.065145e-01,-3.281603e-01,-4.570630e-01,1.795612e+00,2.305305e+00,2.435419e+00,-2.938839e-01,-4.395160e-01,-5.802479e-01,-4.863102e-01,-7.280690e-01,-9.676902e-01,4.393010e-01,2.650547e-01,-3.267152e-02,-3.326799e-02,-4.917358e-02,-6.415486e-02,-2.077161e-01,-3.090543e-01,-4.034100e-01,5.757982e-01,7.209020e-01,7.044736e-01
2.98796,-2.344135e-01,-3.400183e-01,-4.238361e-01,-1.981914e-01,-3.162043e-01,-4.420732e-01,1.773145e+00,2.303323e+00,2.463196e+00,-2.929214e-01,-4.383597e-01,-5.796911e-01,-4.809272e-01,-7.191448e-01,-9.543525e-01,4.898941e-01,3.293388e-01,3.117207e-02,-3.372498e-02,-4.984053e-02,-6.496946e-02,-2.074514e-01,-3.090693e-01,-4.035048e-01,5.876070e-01,7.443938e-01,7.445850e-01
3.00368,-2.370098e-01,-3.449633e-01,-4.317630e-01,-1.901368e-01,-3.046389e-01,-4.272817e-01,1.745440e+00,2.295284e+00,2.485980e+00,-2.917310e-01,-4.369735e-01,-5.785966e-01,-4.762218e-01,-7.114513e-01,-9.423644e-01,5.383713e-01,3.931793e-01,9.594742e-02,-3.409264e-02,-5.043988e-02,-6.576384e-02,-2.069005e-01,-3.086871e-01,-4.036027e-01,5.949982e-01,7.624797e-01,7.797088e-01
3.01940,-2.391805e-01,-3.494401e-01,-4.393510e-01,-1.822862e-01,-2.934071e-01,-4.129414e-01,1.711972e+00,2.279995e+00,2.503068e+00,-2.901610e-01,-4.352016e-01,-5.770816e-01,-4.720334e-01,-7.048155e-01,-9.319970e-01,5.844435e-01,4.557862e-01,1.612674e-01,-3.437654e-02,-5.094948e-02,-6.650881e-02,-2.061988e-01,-3.079011e-01,-4.034259e-01,5.976349e-01,7.743165e-01,8.084810e-01
3.03512,-2.408689e-01,-3.533568e-01,-4.465916e-01,-1.744893e-01,-2.823850e-01,-3.990389e-01,1.672573e+00,2.256395e+00,2.513729e+00,-2.881198e-01,-4.328200e-01,-5.750332e-01,-4.681428e-01,-6.988970e-01,-9.231658e-01,6.279932e-01,5.162589e-01,2.266835e-01,-3.464205e-02,-5.141009e-02,-6.721170e-02,-2.055330e-01,-3.069399e-01,-4.028372e-01,5.955634e-01,7.795350e-01,8.298976e-01
3.05084,-2.420110e-01,-3.565947e-01,-4.533932e-01,-1.665569e-01,-2.713902e-01,-3.853343e-01,1.627372e+00,2.223649e+00,2.516984e+00,-2.856324e-01,-4.297181e-01,-5.722049e-01,-4.642494e-01,-6.932575e-01,-9.154258e-01,6.692282e-01,5.739231e-01,2.916684e-01,-3.497602e-02,-5.190239e-02,-6.791226e-02,-2.050772e-01,-3.061056e-01,-4.019667e-01,5.891180e-01,7.782417e-01,8.434346e-01
3.06656,-2.425301e-01,-3.590055e-01,-4.595674e-01,-1.583553e-01,-2.602363e-01,-3.715429e-01,1.576829e+00,2.181278e+00,2.511435e+00,-2.828581e-01,-4.259792e-01,-5.684424e-01,-4.599885e-01,-6.874060e-01,-9.081027e-01,7.087330e-01,6.287024e-01,3.556431e-01,-3.542740e-02,-5.249408e-02,-6.865720e-02,-2.048774e-01,-3.055976e-01,-4.011125e-01,5.788353e-01,7.708819e-01,8.490589e-01
3.08227,-2.423480e-01,-3.604159e-01,-4.648432e-01,-1.498713e-01,-2.488192e-01,-3.575070e-01,1.521791e+00,2.129344e+00,2.495377e+00,-2.800309e-01,-4.218594e-01,-5.638296e-01,-4.550338e-01,-6.808801e-01,-9.004970e-01,7.474243e-01,6.812353e-01,4.181509e-01,-3.596625e-02,-5.319146e-02,-6.946853e-02,-2.047892e-01,-3.054113e-01,-4.005254e-01,5.653946e-01,7.581320e-01,8.471170e-01
3.09799,-2.414319e-01,-3.606828e-01,-4.688841e-01,-1.411981e-01,-2.371589e-01,-3.432480e-01,1.463454e+00,2.068598e+00,2.467189e+00,-2.773479e-01,-4.176973e-01,-5.586628e-01,-4.492502e-01,-6.733765e-01,-8.920706e-01,7.864395e-01,7.326831e-01,4.791178e-01,-3.649828e-02,-5.393081e-02,-7.032971e-02,-2.045783e-01,-3.053404e-01,-4.002689e-01,5.495544e-01,7.408615e-01,8.382126e-01
3.11371,-2.398518e-01,-3.597738e-01,-4.713740e-01,-1.324624e-01,-2.253675e-01,-3.289018e-01,1.403201e+00,2.000506e+00,2.425873e+00,-2.748898e-01,-4.137703e-01,-5.533312e-01,-4.427831e-01,-6.648607e-01,-8.825594e-01,8.269644e-01,7.844189e-01,5.389959e-01,-3.693114e-02,-5.461788e-02,-7.119714e-02,-2.040942e-01,-3.050957e-01,-4.002076e-01,5.320918e-01,7.200906e-01,8.231632e-01
3.12943,-2.377834e-01,-3.578035e-01,-4.721541e-01,-1.237458e-01,-2.135784e-01,-3.146098e-01,1.342374e+00,1.927060e+00,2.371491e+00,-2.725923e-01,-4.101558e-01,-5.481687e-01,-4.360038e-01,-6.555889e-01,-8.719929e-01,8.700846e-01,8.377708e-01,5.986747e-01,-3.724276e-02,-5.519374e-02,-7.202632e-02,-2.033442e-01,-3.044821e-01,-4.000801e-01,5.137513e-01,6.969015e-01,8.029969e-01
3.14515,-2.354279e-01,-3.549952e-01,-4.712755e-01,-1.150441e-01,-2.018747e-01,-3.004514e-01,1.282024e+00,1.850430e+00,2.305303e+00,-2.702539e-01,-4.066911e-01,-5.433073e-01,-4.293589e-01,-6.460254e-01,-8.606460e-01,9.167653e-01,8.938960e-01,6.592600e-01,-3.750267e-02,-5.568432e-02,-7.280302e-02,-2.024424e-01,-3.035162e-01,-3.996411e-01,4.951641e-01,6.723322e-01,7.789006e-01
3.16087,-2.329079e-01,-3.515923e-01,-4.689304e-01,-1.062632e-01,-1.902351e-01,-2.864408e-01,1.222722e+00,1.772556e+00,2.229564e+00,-2.676262e-01,-4.030655e-01,-5.386145e-01,-4.232227e-01,-6.366974e-01,-8.489541e-01,9.679159e-01,9.538212e-01,7.218917e-01,-3.783222e-02,-5.619174e-02,-7.356214e-02,-2.015472e-01,-3.024092e-01,-3.988330e-01,4.767245e-01,6.472534e-01,7.520922e-01
3.17659,-2.302038e-01,-3.477596e-01,-4.653518e-01,-9.725670e-02,-1.785181e-01,-2.725322e-01,1.164541e+00,1.694812e+00,2.147086e+00,-2.645904e-01,-3.990020e-01,-5.337826e-01,-4.177980e-01,-6.280436e-01,-8.374064e-01,1.024333e+00,1.018570e+00,7.876893e-01,-3.832013e-02,-5.682390e-02,-7.436869e-02,-2.008263e-01,-3.014376e-01,-3.978509e-01,4.585259e-01,6.222296e-01,7.236658e-01
3.19231,-2.271898e-01,-3.435208e-01,-4.607491e-01,-8.790817e-02,-1.665112e-01,-2.585992e-01,1.107320e+00,1.617832e+00,2.060702e+00,-2.612616e-01,-3.944277e-01,-5.285109e-01,-4.130506e-01,-6.202848e-01,-8.264294e-01,1.086340e+00,1.089166e+00,8.577778e-01,-3.894409e-02,-5.760933e-02,-7.526624e-02,-2.003792e-01,-3.007841e-01,-3.970051e-01,4.404367e-01,5.974523e-01,6.944689e-01
3.20803,-2.237783e-01,-3.387862e-01,-4.552792e-01,-7.821483e-02,-1.540445e-01,-2.444305e-01,1.051050e+00,1.541659e+00,1.972719e+00,-2.579071e-01,-3.895233e-01,-5.226724e-01,-4.087145e-01,-6.133566e-01,-8.162816e-01,1.153212e+00,1.166350e+00,9.332533e-01,-3.957155e-02,-5.846386e-02,-7.623915e-02,-2.001273e-01,-3.004319e-01,-3.964791e-01,4.222415e-01,5.728220e-01,6.650435e-01
3.22375,-2.200487e-01,-3.334959e-01,-4.490452e-01,-6.830411e-02,-1.411068e-01,-2.297903e-01,9.960662e-01,1.466240e+00,1.884541e+00,-2.547742e-01,-3.846182e-01,-5.163891e-01,-4.044397e-01,-6.069560e-01,-8.069954e-01,1.222754e+00,1.250070e+00,1.015017e+00,-4.005878e-02,-5.924404e-02,-7.721927e-02,-1.998118e-01,-3.001772e-01,-3.962048e-01,4.037494e-01,5.480987e-01,6.356333e-01
3.23946,-2.162317e-01,-3.277749e-01,-4.421327e-01,-5.837279e-02,-1.278746e-01,-2.145376e-01,9.429072e-01,1.391907e+00,1.796707e+00,-2.519784e-01,-3.800126e-01,-5.099801e-01,-4.000162e-01,-6.007029e-01,-7.983995e-01,1.291467e+00,1.339007e+00,1.103521e+00,-4.036873e-02,-5.985784e-02,-7.813147e-02,-1.991600e-01,-2.997531e-01,-3.959537e-01,3.848521e-01,5.230067e-01,6.062278e-01
3.25518,-2.125726e-01,-3.219465e-01,-4.346898e-01,-4.859754e-02,-1.146299e-01,-1.987289e-01,8.920063e-01,1.319439e+00,1.709385e+00,-2.494768e-01,-3.758436e-01,-5.038059e-01,-3.954641e-01,-5.943339e-01,-7.902101e-01,1.355366e+00,1.430479e+00,1.198487e+00,-4.060997e-02,-6.035052e-02,-7.895573e-02,-1.980836e-01,-2.989633e-01,-3.955143e-01,3.655588e-01,4.973054e-01,5.766171e-01
3.27090,-2.091911e-01,-3.163688e-01,-4.270046e-01,-3.907154e-02,-1.016398e-01,-1.826158e-01,8.434954e-01,1.249725e+00,1.622972e+00,-2.470932e-01,-3.720434e-01,-4.980923e-01,-3.909056e-01,-5.877937e-01,-7.821293e-01,1.411022e+00,1.520772e+00,1.298666e+00,-4.096602e-02,-6.088718e-02,-7.976077e-02,-1.967276e-01,-2.977588e-01,-3.947831e-01,3.460036e-01,4.708863e-01,5.464716e-01
3.28662,-2.060313e-01,-3.112260e-01,-4.194661e-01,-2.978929e-02,-8.908056e-02,-1.665330e-01,7.971932e-01,1.183339e+00,1.538340e+00,-2.445917e-01,-3.683729e-01,-4.928305e-01,-3.863861e-01,-5.811602e-01,-7.739242e-01,1.456168e+00,1.605754e+00,1.401791e+00,-4.155626e-02,-6.162995e-02,-8.066472e-02,-1.953605e-01,-2.962739e-01,-3.937549e-01,3.264131e-01,4.438608e-01,5.154885e-01
3.30234,-2.029380e-01,-3.064434e-01,-4.123861e-01,-2.066886e-02,-7.702502e-02,-1.507837e-01,7.527396e-01,1.120297e+00,1.456580e+00,-2.417979e-01,-3.645212e-01,-4.877956e-01,-3.818327e-01,-5.744973e-01,-7.654883e-01,1.489690e+00,1.681523e+00,1.504741e+00,-4.232798e-02,-6.260090e-02,-8.173948e-02,-1.942253e-01,-2.947978e-01,-3.925171e-01,3.070582e-01,4.165538e-01,4.835789e-01
3.31806,-1.998084e-01,-3.017938e-01,-4.058246e-01,-1.158666e-02,-6.545795e-02,-1.355972e-01,7.098397e-01,1.060110e+00,1.378523e+00,-2.387102e-01,-3.602706e-01,-4.826564e-01,-3.771432e-01,-5.677854e-01,-7.568519e-01,1.511383e+00,1.744978e+00,1.603841e+00,-4.308162e-02,-6.364649e-02,-8.293837e-02,-1.934292e-01,-2.936404e-01,-3.912731e-01,2.882196e-01,3.894079e-01,4.509818e-01
3.33378,-1.966794e-01,-2.971074e-01,-3.995808e-01,-2.398445e-03,-5.429316e-02,-1.211283e-01,6.684852e-01,1.002105e+00,1.304413e+00,-2.355163e-01,-3.556499e-01,-4.771403e-01,-3.722720e-01,-5.609648e-01,-7.481176e-01,1.521788e+00,1.794313e+00,1.695297e+00,-4.362477e-02,-6.454674e-02,-8.411639e-02,-1.928847e-01,-2.929458e-01,-3.902930e-01,2.701486e-01,3.628799e-01,4.182221e-01
3.34950,-1.936649e-01,-2.924000e-01,-3.933610e-01,7.073167e-03,-4.338278e-02,-1.074349e-01,6.289835e-01,9.458487e-01,1.233838e+00,-2.324925e-01,-3.509517e-01,-4.712052e-01,-3.672385e-01,-5.540055e-01,-7.393769e-01,1.522093e+00,1.829288e+00,1.775776e+00,-4.392847e-02,-6.519095e-02,-8.513878e-02,-1.923263e-01,-2.925733e-01,-3.897434e-01,2.530049e-01,3.373571e-01,3.859474e-01
3.36522,-1.908306e-01,-2.878155e-01,-3.870008e-01,1.707956e-02,-3.250947e-02,-9.443984e-02,5.917737e-01,8.914105e-01,1.165931e+00,-2.298584e-01,-3.465793e-01,-4.651203e-01,-3.621029e-01,-5.469288e-01,-7.306778e-01,1.513913e+00,1.851041e+00,1.843028e+00,-4.415921e-02,-6.567935e-02,-8.599845e-02,-1.914280e-01,-2.921392e-01,-3.895297e-01,2.368390e-01,3.130747e-01,3.547431e-01
3.38094,-1.881426e-01,-2.834687e-01,-3.805688e-01,2.796891e-02,-2.136515e-02,-8.192107e-02,5.571827e-01,8.392910e-01,1.099840e+00,-2.276825e-01,-3.428265e-01,-4.593506e-01,-3.569544e-01,-5.397861e-01,-7.220335e-01,1.498949e+00,1.861465e+00,1.896259e+00,-4.456102e-02,-6.626152e-02,-8.684163e-02,-1.899669e-01,-2.912187e-01,-3.893084e-01,2.216848e-01,2.900991e-01,3.249973e-01
3.39666,-1.855073e-01,-2.793501e-01,-3.742734e-01,4.014518e-02,-9.550864e-03,-6.954444e-02,5.252497e-01,7.901024e-01,1.035288e+00,-2.258705e-01,-3.397332e-01,-4.542922e-01,-3.518846e-01,-5.326355e-01,-7.134267e-01,1.478664e+00,1.862543e+00,1.936024e+00,-4.526937e-02,-6.714887e-02,-8.786780e-02,-1.879358e-01,-2.895852e-01,-3.886750e-01,2.076971e-01,2.684622e-01,2.968598e-01
3.41237,-1.828254e-01,-2.753317e-01,-3.682693e-01,5.398435e-02,3.369946e-03,-5.691745e-02,4.956418e-01,7.442258e-01,9.727817e-01,-2.242050e-01,-3.370797e-01,-4.500405e-01,-3.469226e-01,-5.255221e-01,-7.048035e-01,1.454105e+00,1.855934e+00,1.963739e+00,-4.620003e-02,-6.834528e-02,-8.917720e-02,-1.855514e-01,-2.873251e-01,-3.873955e-01,1.951882e-01,2.483562e-01,2.703401e-01
3.42809,-1.800314e-01,-2.712309e-01,-3.625210e-01,6.977577e-02,1.778737e-02,-4.364314e-02,4.676854e-01,7.015872e-01,9.132766e-01,-2.224077e-01,-3.344891e-01,-4.463395e-01,-3.419780e-01,-5.184301e-01,-6.960805e-01,1.425957e+00,1.842859e+00,1.981138e+00,-4.711222e-02,-6.963614e-02,-9.068358e-02,-1.831586e-01,-2.847772e-01,-3.855312e-01,1.845111e-01,2.301885e-01,2.455136e-01
3.44381,-1.771252e-01,-2.669133e-01,-3.568008e-01,8.772403e-02,3.398737e-02,-2.935967e-02,4.405247e-01,6.615765e-01,8.575738e-01,-2.202330e-01,-3.315662e-01,-4.427127e-01,-3.368489e-01,-5.112256e-01,-6.871566e-01,1.394715e+00,1.824179e+00,1.989870e+00,-4.779489e-02,-7.075027e-02,-9.216526e-02,-1.810508e-01,-2.823646e-01,-3.833938e-01,1.758833e-01,2.144265e-01,2.226721e-01
3.45953,-1.741834e-01,-2.623985e-01,-3.508419e-01,1.079916e-01,5.214747e-02,-1.375942e-02,4.133506e-01,6.231271e-01,8.058719e-01,-2.175804e-01,-3.280390e-01,-4.386775e-01,-3.313083e-01,-5.036715e-01,-6.779127e-01,1.360845e+00,1.800549e+00,1.991317e+00,-4.821765e-02,-7.156420e-02,-9.342898e-02,-1.792830e-01,-2.803976e-01,-3.813815e-01,1.692992e-01,2.013668e-01,2.022875e-01
3.47525,-1.713325e-01,-2.578703e-01,-3.445668e-01,1.307432e-01,7.237364e-02,3.401566e-03,3.856221e-01,5.849745e-01,7.576431e-01,-2.145574e-01,-3.238732e-01,-4.339326e-01,-3.252253e-01,-4.955386e-01,-6.682135e-01,1.324859e+00,1.772515e+00,1.986551e+00,-4.853918e-02,-7.218765e-02,-9.446215e-02,-1.776033e-01,-2.788976e-01,-3.797918e-01,1.645967e-01,1.910160e-01,1.848179e-01
3.49097,-1.686927e-01,-2.535700e-01,-3.381964e-01,1.561561e-01,9.475827e-02,2.229501e-02,3.572502e-01,5.460521e-01,7.117605e-01,-2.114359e-01,-3.193019e-01,-4.284588e-01,-3.186490e-01,-4.867384e-01,-6.579407e-01,1.287339e+00,1.740587e+00,1.976333e+00,-4.899091e-02,-7.287811e-02,-9.544674e-02,-1.755666e-01,-2.775326e-01,-3.786800e-01,1.616165e-01,1.831639e-01,1.704986e-01
3.50669,-1.663310e-01,-2.496730e-01,-3.321230e-01,1.843861e-01,1.194304e-01,4.302658e-02,3.286782e-01,5.058888e-01,6.667695e-01,-2.085286e-01,-3.147367e-01,-4.225278e-01,-3.117873e-01,-4.773796e-01,-6.470509e-01,1.248888e+00,1.705297e+00,1.961111e+00,-4.972625e-02,-7.386332e-02,-9.662622e-02,-1.727584e-01,-2.757519e-01,-3.777982e-01,1.603326e-01,1.775716e-01,1.592624e-01
3.52241,-1.642286e-01,-2.462350e-01,-3.266715e-01,2.155113e-01,1.465621e-01,6.567302e-02,3.007617e-01,4.648292e-01,6.212705e-01,-2.060710e-01,-3.106068e-01,-4.166159e-01,-3.048845e-01,-4.677139e-01,-6.356183e-01,1.210018e+00,1.667197e+00,1.941084e+00,-5.072776e-02,-7.519622e-02,-9.813825e-02,-1.689815e-01,-2.730659e-01,-3.766647e-01,1.608793e-01,1.741314e-01,1.508465e-01
3.53813,-1.622658e-01,-2.431897e-01,-3.219511e-01,2.494777e-01,1.763300e-01,9.032667e-02,2.744743e-01,4.239429e-01,5.743747e-01,-2.041549e-01,-3.072068e-01,-4.112392e-01,-2.980968e-01,-4.580044e-01,-6.238246e-01,1.171062e+00,1.626826e+00,1.916362e+00,-5.182742e-02,-7.673156e-02,-9.993291e-02,-1.642946e-01,-2.692936e-01,-3.747838e-01,1.634932e-01,1.729178e-01,1.449946e-01
3.55385,-1.602526e-01,-2.403608e-01,-3.178658e-01,2.860613e-01,2.088597e-01,1.171002e-01,2.506215e-01,3.846557e-01,5.260862e-01,-2.027087e-01,-3.046011e-01,-4.067697e-01,-2.914564e-01,-4.484132e-01,-6.118914e-01,1.132173e+00,1.584656e+00,1.887128e+00,-5.282266e-02,-7.823106e-02,-1.018152e-01,-1.589135e-01,-2.646103e-01,-3.719150e-01,1.684530e-01,1.741434e-01,1.416063e-01
3.56957,-1.580303e-01,-2.375049e-01,-3.142031e-01,3.248647e-01,2.441725e-01,1.460925e-01,2.296875e-01,3.483104e-01,4.773811e-01,-2.015278e-01,-3.026073e-01,-4.032969e-01,-2.849236e-01,-4.389768e-01,-5.999911e-01,1.093346e+00,1.541033e+00,1.853714e+00,-5.360235e-02,-7.951795e-02,-1.035744e-01,-1.530519e-01,-2.593822e-01,-3.681946e-01,1.760910e-01,1.780964e-01,1.407710e-01
3.58528,-1.555747e-01,-2.344139e-01,-3.107049e-01,3.653735e-01,2.821469e-01,1.773586e-01,2.117735e-01,3.158601e-01,4.298622e-01,-2.003535e-01,-3.008702e-01,-4.005924e-01,-2.784451e-01,-4.296509e-01,-5.881918e-01,1.054421e+00,1.496086e+00,1.816489e+00,-5.420037e-02,-8.057673e-02,-1.051165e-01,-1.467822e-01,-2.539195e-01,-3.640124e-01,1.868573e-01,1.851368e-01,1.427216e-01
3.60100,-1.529973e-01,-2.310262e-01,-3.071143e-01,4.070702e-01,3.225216e-01,2.108993e-01,1.965803e-01,2.877345e-01,3.851836e-01,-1.989721e-01,-2.990042e-01,-3.982011e-01,-2.719749e-01,-4.203630e-01,-5.764629e-01,1.015104e+00,1.449703e+00,1.775664e+00,-5.476427e-02,-8.154899e-02,-1.065180e-01,-1.399601e-01,-2.482958e-01,-3.597381e-01,2.013558e-01,1.957586e-01,1.477871e-01
3.61672,-1.504550e-01,-2.274470e-01,-3.032478e-01,4.495684e-01,3.649629e-01,2.466574e-01,1.834574e-01,2.638043e-01,3.445926e-01,-1.972840e-01,-2.967403e-01,-3.956245e-01,-2.654825e-01,-4.110452e-01,-5.647246e-01,9.750989e-01,1.401624e+00,1.731233e+00,-5.547545e-02,-8.264960e-02,-1.079718e-01,-1.322369e-01,-2.422932e-01,-3.554975e-01,2.203030e-01,2.106317e-01,1.564100e-01
3.63244,-1.480625e-01,-2.238657e-01,-2.990682e-01,4.927211e-01,4.091756e-01,2.845253e-01,1.715514e-01,2.433868e-01,3.087322e-01,-1.953083e-01,-2.940042e-01,-3.925151e-01,-2.589679e-01,-4.016574e-01,-5.528983e-01,9.343086e-01,1.351646e+00,1.683134e+00,-5.645541e-02,-8.405316e-02,-1.096721e-01,-1.231903e-01,-2.354750e-01,-3.511229e-01,2.444389e-01,2.305523e-01,1.691972e-01
3.64816,-1.458632e-01,-2.204570e-01,-2.946938e-01,5.366478e-01,4.550066e-01,3.243787e-01,1.600272e-01,2.253473e-01,2.776137e-01,-1.931354e-01,-2.908940e-01,-3.887884e-01,-2.524556e-01,-3.921962e-01,-5.409245e-01,8.929415e-01,1.299824e+00,1.631483e+00,-5.769249e-02,-8.579604e-02,-1.117071e-01,-1.125594e-01,-2.273601e-01,-3.462569e-01,2.744368e-01,2.563276e-01,1.869083e-01
3.66388,-1.438443e-01,-2.173152e-01,-2.903362e-01,5.816459e-01,5.024949e-01,3.661360e-01,1.482791e-01,2.083602e-01,2.506647e-01,-1.908773e-01,-2.875915e-01,-3.846049e-01,-2.459522e-01,-3.826748e-01,-5.287549e-01,8.514044e-01,1.246543e+00,1.576665e+00,-5.903616e-02,-8.774609e-02,-1.140097e-01,-1.004515e-01,-2.176288e-01,-3.404981e-01,3.107979e-01,2.886775e-01,2.103514e-01
3.67960,-1.419622e-01,-2.144304e-01,-2.862000e-01,6.280052e-01,5.518374e-01,4.098229e-01,1.360405e-01,1.912790e-01,2.268332e-01,-1.886443e-01,-2.842752e-01,-3.802434e-01,-2.394250e-01,-3.730928e-01,-5.163528e-01,8.101015e-01,1.192387e+00,1.519272e+00,-6.027984e-02,-8.967073e-02,-1.163901e-01,-8.733428e-02,-2.062643e-01,-3.335158e-01,3.536532e-01,3.281581e-01,2.402524e-01
3.69532,-1.401513e-01,-2.117088e-01,-2.823697e-01,6.757729e-01,6.032757e-01,4.556100e-01,1.233573e-01,1.734519e-01,2.047592e-01,-1.865388e-01,-2.810854e-01,-3.759594e-01,-2.328424e-01,-3.634431e-01,-5.037175e-01,7.693630e-01,1.137923e+00,1.459963e+00,-6.128423e-02,-9.136595e-02,-1.186345e-01,-7.380901e-02,-1.935559e-01,-3.251425e-01,4.024400e-01,3.750184e-01,2.771656e-01
3.71104,-1.383279e-01,-2.090251e-01,-2.787535e-01,7.245250e-01,6.569389e-01,5.037878e-01,1.104651e-01,1.548221e-01,1.830555e-01,-1.846490e-01,-2.781351e-01,-3.719197e-01,-2.262306e-01,-3.537602e-01,-4.909164e-01,7.295609e-01,1.083648e+00,1.399330e+00,-6.205274e-02,-9.276202e-02,-1.206150e-01,-6.037725e-02,-1.799701e-01,-3.154543e-01,4.555609e-01,4.289307e-01,3.213935e-01
3.72676,-1.364192e-01,-2.062735e-01,-2.751544e-01,7.732485e-01,7.126871e-01,5.546862e-01,9.766017e-02,1.357727e-01,1.606934e-01,-1.830379e-01,-2.755211e-01,-3.682227e-01,-2.196706e-01,-3.441477e-01,-4.780963e-01,6.912332e-01,1.030137e+00,1.337890e+00,-6.271205e-02,-9.394299e-02,-1.223480e-01,-4.738510e-02,-1.659827e-01,-3.047728e-01,5.102982e-01,4.886888e-01,3.728330e-01
3.74247,-1.344073e-01,-2.034068e-01,-2.714194e-01,8.204453e-01,7.700032e-01,6.085702e-01,8.524304e-02,1.168550e-01,1.373303e-01,-1.817095e-01,-2.732949e-01,-3.649312e-01,-2.132396e-01,-3.347373e-01,-4.654584e-01,6.550107e-01,9.781886e-01,1.276240e+00,-6.342868e-02,-9.507982e-02,-1.239686e-01,-3.509309e-02,-1.519896e-01,-2.935306e-01,5.632286e-01,5.520939e-01,4.307423e-01
3.75819,-1.323396e-01,-2.004561e-01,-2.675370e-01,8.644548e-01,8.279792e-01,6.655433e-01,7.352381e-02,9.860037e-02,1.133449e-01,-1.805697e-01,-2.714047e-01,-3.620516e-01,-2.069769e-01,-3.256179e-01,-4.531987e-01,6.213624e-01,9.287287e-01,1.215259e+00,-6.431830e-02,-9.632710e-02,-1.256433e-01,-2.371212e-02,-1.383137e-01,-2.820701e-01,6.110514e-01,6.161993e-01,4.935676e-01
3.77391,-1.302870e-01,-1.975118e-01,-2.636234e-01,9.038411e-01,8.854291e-01,7.254630e-01,6.279712e-02,8.147129e-02,8.954937e-02,-1.794409e-01,-2.696706e-01,-3.594857e-01,-2.009128e-01,-3.168148e-01,-4.414403e-01,5.903711e-01,8.824800e-01,1.156082e+00,-6.538215e-02,-9.773851e-02,-1.274749e-01,-1.335024e-02,-1.252074e-01,-2.705192e-01,6.513853e-01,6.778597e-01,5.590096e-01
3.78963,-1.282931e-01,-1.946649e-01,-2.598372e-01,9.376760e-01,9.411101e-01,7.878604e-01,5.325168e-02,6.585460e-02,6.681594e-02,-1.781571e-01,-2.678521e-01,-3.570303e-01,-1.951076e-01,-3.083420e-01,-4.302059e-01,5.617096e-01,8.396415e-01,1.099785e+00,-6.649288e-02,-9.923536e-02,-1.294513e-01,-3.934477e-03,-1.127754e-01,-2.588093e-01,6.831328e-01,7.343402e-01,6.243815e-01
3.80535,-1.263536e-01,-1.919506e-01,-2.562927e-01,9.656426e-01,9.939374e-01,8.518788e-01,4.489842e-02,5.200266e-02,4.583688e-02,-1.766629e-01,-2.657825e-01,-3.544541e-01,-1.896441e-01,-3.002629e-01,-4.194620e-01,5.348028e-01,7.998285e-01,1.046973e+00,-6.745747e-02,-1.006435e-01,-1.314553e-01,4.796221e-03,-1.008898e-01,-2.467727e-01,7.063676e-01,7.837660e-01,6.871358e-01
3.82107,-1.244247e-01,-1.893327e-01,-2.530138e-01,9.879795e-01,1.043064e+00,9.162872e-01,3.759105e-02,3.994197e-02,2.704239e-02,-1.750282e-01,-2.634582e-01,-3.516135e-01,-1.845669e-01,-2.926782e-01,-4.091990e-01,5.090548e-01,7.622821e-01,9.975685e-01,-6.813786e-02,-1.017891e-01,-1.333207e-01,1.316936e-02,-8.923317e-02,-2.342254e-01,7.219738e-01,8.253215e-01,7.453672e-01
3.83679,-1.224360e-01,-1.867218e-01,-2.499312e-01,1.005316e+00,1.087851e+00,9.796142e-01,3.110411e-02,2.944711e-02,1.059811e-02,-1.733808e-01,-2.610154e-01,-3.485259e-01,-1.798136e-01,-2.856347e-01,-3.994637e-01,4.840411e-01,7.261885e-01,9.509142e-01,-6.853547e-02,-1.026005e-01,-1.349074e-01,2.138873e-02,-7.747936e-02,-2.210086e-01,7.312752e-01,8.591763e-01,7.981187e-01
3.85251,-1.203109e-01,-1.840026e-01,-2.469089e-01,1.018438e+00,1.127870e+00,1.040364e+00,2.518841e-02,2.012941e-02,-3.572133e-03,-1.718224e-01,-2.586280e-01,-3.453463e-01,-1.752014e-01,-2.790297e-01,-3.902957e-01,4.595924e-01,6.909546e-01,9.060820e-01,-6.877676e-02,-1.031496e-01,-1.361691e-01,2.943474e-02,-6.548297e-02,-2.070234e-01,7.357607e-01,8.861937e-01,8.453792e-01
3.86823,-1.180043e-01,-1.810676e-01,-2.437834e-01,1.028069e+00,1.162953e+00,1.097252e+00,1.959941e-02,1.156929e-02,-1.576810e-02,-1.703904e-01,-2.564164e-01,-3.422721e-01,-1.704932e-01,-2.726069e-01,-3.816290e-01,4.357407e-01,6.563595e-01,8.622492e-01,-6.903777e-02,-1.036095e-01,-1.371762e-01,3.713321e-02,-5.335316e-02,-1.922901e-01,7.368844e-01,9.075667e-01,8.877872e-01
3.88395,-1.155403e-01,-1.778634e-01,-2.404083e-01,1.034743e+00,1.193206e+00,1.149393e+00,1.414809e-02,3.407409e-03,-2.649297e-02,-1.690758e-01,-2.544146e-01,-3.394508e-01,-1.655065e-01,-2.660672e-01,-3.732577e-01,4.126166e-01,6.225366e-01,8.190272e-01,-6.946167e-02,-1.041615e-01,-1.380711e-01,4.429934e-02,-4.138169e-02,-1.770128e-01,7.358892e-01,9.245077e-01,9.262110e-01
3.89967,-1.130079e-01,-1.744280e-01,-2.366970e-01,1.038822e+00,1.218954e+00,1.196411e+00,8.764619e-03,-4.592977e-03,-3.637490e-02,-1.678545e-01,-2.525909e-01,-3.369321e-01,-1.601809e-01,-2.592105e-01,-3.649069e-01,3.903883e-01,5.898074e-01,7.765891e-01,-7.008413e-02,-1.048997e-01,-1.389813e-01,5.083597e-02,-2.987820e-02,-1.615763e-01,7.336602e-01,9.380243e-01,9.614050e-01
3.91538,-1.105132e-01,-1.708853e-01,-2.326533e-01,1.040579e+00,1.240625e+00,1.238417e+00,3.515083e-03,-1.249184e-02,-4.599486e-02,-1.666957e-01,-2.508835e-01,-3.346661e-01,-1.545574e-01,-2.520010e-01,-3.563577e-01,3.692333e-01,5.584808e-01,7.355075e-01,-7.079639e-02,-1.057725e-01,-1.399481e-01,5.676184e-02,-1.901225e-02,-1.464191e-01,7.306678e-01,9.487689e-01,9.938234e-01
3.93110,-1.081274e-01,-1.673874e-01,-2.283753e-01,1.040257e+00,1.258616e+00,1.275866e+00,-1.448333e-03,-2.017838e-02,-5.568813e-02,-1.655496e-01,-2.492148e-01,-3.325323e-01,-1.487090e-01,-2.445212e-01,-3.475389e-01,3.492994e-01,5.287273e-01,6.964027e-01,-7.139727e-02,-1.066020e-01,-1.409077e-01,6.219363e-02,-8.752847e-03,-1.318439e-01,7.270243e-01,9.569918e-01,1.023548e+00
3.94682,-1.058679e-01,-1.640466e-01,-2.240276e-01,1.038074e+00,1.273227e+00,1.309322e+00,-5.968652e-03,-2.745378e-02,-6.545531e-02,-1.643438e-01,-2.474884e-01,-3.303804e-01,-1.426904e-01,-2.368791e-01,-3.385228e-01,3.306464e-01,5.005601e-01,6.596298e-01,-7.172253e-02,-1.071852e-01,-1.417286e-01,6.730179e-02,1.088557e-03,-1.178992e-01,7.225875e-01,9.625969e-01,1.050280e+00
3.96254,-1.037156e-01,-1.609002e-01,-2.197870e-01,1.034203e+00,1.284671e+00,1.339238e+00,-9.958017e-03,-3.411734e-02,-7.504313e-02,-1.630149e-01,-2.456062e-01,-3.280686e-01,-1.365231e-01,-2.291441e-01,-3.294356e-01,3.131865e-01,4.738683e-01,6.251498e-01,-7.175349e-02,-1.074224e-01,-1.422854e-01,7.226419e-02,1.076999e-02,-1.043949e-01,7.170322e-01,9.652383e-01,1.073379e+00
3.97826,-1.016463e-01,-1.579269e-01,-2.157803e-01,1.028733e+00,1.293107e+00,1.365832e+00,-1.343473e-02,-4.000938e-02,-8.410816e-02,-1.615524e-01,-2.435175e-01,-3.255012e-01,-1.301922e-01,-2.213257e-01,-3.203573e-01,2.966567e-01,4.484269e-01,5.925710e-01,-7.162334e-02,-1.073876e-01,-1.425447e-01,7.722416e-02,2.052269e-02,-9.101097e-02,7.098798e-01,9.643997e-01,1.091952e+00
3.99398,-9.964157e-02,-1.550872e-01,-2.120443e-01,1.021636e+00,1.298668e+00,1.389098e+00,-1.650536e-02,-4.504585e-02,-9.234113e-02,-1.600077e-01,-2.412578e-01,-3.226625e-01,-1.236473e-01,-2.133755e-01,-3.112758e-01,2.806816e-01,4.238931e-01,5.612925e-01,-7.153541e-02,-1.072940e-01,-1.426148e-01,8.224326e-02,3.046570e-02,-7.745158e-02,7.005605e-01,9.594781e-01,1.104966e+00
4.00970,-9.767043e-02,-1.523402e-01,-2.085334e-01,1.012767e+00,1.301424e+00,1.408923e+00,-1.931533e-02,-4.926361e-02,-9.952081e-02,-1.584562e-01,-2.389297e-01,-3.196293e-01,-1.168136e-01,-2.052073e-01,-3.020977e-01,2.649424e-01,3.998678e-01,5.306875e-01,-7.165318e-02,-1.073742e-01,-1.427064e-01,8.727606e-02,4.056968e-02,-6.358234e-02,6.885792e-01,9.499263e-01,1.111407e+00
4.02542,-9.566206e-02,-1.496226e-01,-2.051571e-01,1.001914e+00,1.301330e+00,1.425232e+00,-2.201374e-02,-5.283496e-02,-1.055384e-01,-1.569571e-01,-2.366484e-01,-3.165459e-01,-1.096200e-01,-1.967432e-01,-2.926991e-01,2.493499e-01,3.760574e-01,5.002625e-01,-7.200991e-02,-1.077452e-01,-1.430077e-01,9.220596e-02,5.068824e-02,-4.946803e-02,6.737335e-01,9.354668e-01,1.110530e+00
4.04114,-9.351234e-02,-1.468247e-01,-2.018024e-01,9.888731e-01,1.298183e+00,1.438035e+00,-2.474710e-02,-5.602422e-02,-1.104203e-01,-1.555487e-01,-2.345013e-01,-3.135721e-01,-1.020257e-01,-1.879556e-01,-2.829970e-01,2.340778e-01,3.524412e-01,4.697631e-01,-7.248453e-02,-1.083371e-01,-1.435618e-01,9.691987e-02,6.063152e-02,-3.530461e-02,6.562410e-01,9.162880e-01,1.102118e+00
4.05686,-9.113535e-02,-1.438129e-01,-1.983408e-01,9.735092e-01,1.291659e+00,1.447338e+00,-2.766161e-02,-5.912601e-02,-1.143407e-01,-1.542678e-01,-2.325453e-01,-3.108388e-01,-9.401081e-02,-1.788688e-01,-2.729966e-01,2.194371e-01,3.293074e-01,4.392411e-01,-7.287483e-02,-1.089329e-01,-1.442388e-01,1.013646e-01,7.024735e-02,-2.131762e-02,6.366790e-01,8.930843e-01,1.086621e+00
4.07258,-8.851753e-02,-1.404967e-01,-1.946492e-01,9.557831e-01,1.281432e+00,1.453015e+00,-3.088608e-02,-6.242964e-02,-1.176068e-01,-1.531550e-01,-2.308225e-01,-3.084244e-01,-8.551853e-02,-1.695076e-01,-2.627728e-01,2.057062e-01,3.071261e-01,4.090590e-01,-7.302856e-02,-1.093040e-01,-1.448197e-01,1.055545e-01,7.948092e-02,-7.672274e-03,6.157768e-01,8.668919e-01,1.065072e+00
4.08829,-8.572086e-02,-1.368791e-01,-1.906532e-01,9.357455e-01,1.267302e+00,1.454751e+00,-3.448166e-02,-6.618755e-02,-1.206053e-01,-1.522264e-01,-2.293568e-01,-3.063508e-01,-7.639777e-02,-1.598223e-01,-2.523991e-01,1.930366e-01,2.863577e-01,3.797986e-01,-7.293797e-02,-1.093529e-01,-1.451302e-01,1.095446e-01,8.837938e-02,5.586585e-03,5.941807e-01,8.387987e-01,1.038841e+00
4.10401,-8.283566e-02,-1.330453e-01,-1.863518e-01,9.135469e-01,1.249245e+00,1.452128e+00,-3.838569e-02,-7.055062e-02,-1.237269e-01,-1.514324e-01,-2.281174e-01,-3.045851e-01,-6.640599e-02,-1.496425e-01,-2.418703e-01,1.814473e-01,2.672996e-01,3.521068e-01,-7.273186e-02,-1.091639e-01,-1.451383e-01,1.134026e-01,9.703727e-02,1.853272e-02,5.722970e-01,8.096591e-01,1.009307e+00
4.11973,-7.993333e-02,-1.291081e-01,-1.818062e-01,8.894645e-01,1.227399e+00,1.444777e+00,-4.240761e-02,-7.549366e-02,-1.272935e-01,-1.506515e-01,-2.269816e-01,-3.030285e-01,-5.527746e-02,-1.387050e-01,-2.310625e-01,1.708545e-01,2.500143e-01,3.265313e-01,-7.258234e-02,-1.089380e-01,-1.449643e-01,1.172018e-01,1.055423e-01,3.129438e-02,5.502760e-01,7.799503e-01,9.775630e-01
4.13545,-7.705119e-02,-1.251571e-01,-1.771101e-01,8.639019e-01,1.202048e+00,1.432473e+00,-4.629311e-02,-8.079514e-02,-1.314923e-01,-1.497311e-01,-2.257539e-01,-3.015063e-01,-4.280413e-02,-1.267384e-01,-2.197525e-01,1.611081e-01,2.343398e-01,3.033662e-01,-7.260041e-02,-1.088649e-01,-1.448053e-01,1.210260e-01,1.139718e-01,4.398852e-02,5.281390e-01,7.498491e-01,9.442680e-01
4.15117,-7.419775e-02,-1.212382e-01,-1.723557e-01,8.373499e-01,1.173643e+00,1.415171e+00,-4.981017e-02,-8.610115e-02,-1.363180e-01,-1.485527e-01,-2.242414e-01,-2.997981e-01,-2.888210e-02,-1.135403e-01,-2.076912e-01,1.520319e-01,2.199663e-01,2.825476e-01,-7.278308e-02,-1.090184e-01,-1.448226e-01,1.249587e-01,1.224055e-01,5.669913e-02,5.059361e-01,7.194481e-01,9.097425e-01
4.16689,-7.135704e-02,-1.173562e-01,-1.676030e-01,8.103342e-01,1.142802e+00,1.393025e+00,-5.280727e-02,-9.103731e-02,-1.415562e-01,-1.470835e-01,-2.223344e-01,-2.977138e-01,-1.351737e-02,-9.900820e-02,-1.946837e-01,1.434488e-01,2.065448e-01,2.636705e-01,-7.303211e-02,-1.093337e-01,-1.450592e-01,1.290395e-01,1.309017e-01,6.947746e-02,4.837927e-01,6.889022e-01,8.742116e-01
4.18261,-6.849176e-02,-1.134832e-01,-1.628677e-01,7.833442e-01,1.110268e+00,1.366413e+00,-5.522627e-02,-9.531282e-02,-1.468391e-01,-1.453920e-01,-2.200490e-01,-2.951665e-01,3.197577e-03,-8.313022e-02,-1.806217e-01,1.351798e-01,1.937713e-01,2.461476e-01,-7.322483e-02,-1.096637e-01,-1.454311e-01,1.332330e-01,1.394616e-01,8.233871e-02,4.618341e-01,6.584022e-01,8.379394e-01
4.19833,-6.556043e-02,-1.095669e-01,-1.581299e-01,7.567373e-01,1.076798e+00,1.335948e+00,-5.707692e-02,-9.878252e-02,-1.517619e-01,-1.436131e-01,-2.175195e-01,-2.921995e-01,2.112030e-02,-6.595496e-02,-1.654703e-01,1.270478e-01,1.814161e-01,2.294242e-01,-7.328729e-02,-1.098707e-01,-1.457889e-01,1.374554e-01,1.480220e-01,9.526081e-02,4.401065e-01,6.280756e-01,8.011760e-01
4.21405,-6.254629e-02,-1.055572e-01,-1.533458e-01,7.306865e-01,1.043007e+00,1.302431e+00,-5.840002e-02,-1.014443e-01,-1.560036e-01,-1.418707e-01,-2.149349e-01,-2.889657e-01,4.008145e-02,-4.755437e-02,-1.492332e-01,1.189106e-01,1.693134e-01,2.131266e-01,-7.322569e-02,-1.098991e-01,-1.460046e-01,1.416338e-01,1.564741e-01,1.081781e-01,4.185829e-01,5.979501e-01,7.640698e-01
4.22977,-5.947084e-02,-1.014424e-01,-1.484624e-01,7.052364e-01,1.009277e+00,1.266719e+00,-5.925402e-02,-1.033811e-01,-1.594010e-01,-1.402180e-01,-2.124453e-01,-2.856732e-01,5.988266e-02,-2.800450e-02,-1.319173e-01,1.107006e-01,1.573517e-01,1.970942e-01,-7.311078e-02,-1.097961e-01,-1.460402e-01,1.457411e-01,1.647062e-01,1.209718e-01,3.972429e-01,5.680076e-01,7.266928e-01
4.24548,-5.637813e-02,-9.726377e-02,-1.434506e-01,6.804202e-01,9.758282e-01,1.229571e+00,-5.973504e-02,-1.047008e-01,-1.619639e-01,-1.386432e-01,-2.101061e-01,-2.825056e-01,8.029807e-02,-7.394112e-03,-1.135076e-01,1.024446e-01,1.454857e-01,1.813316e-01,-7.303231e-02,-1.096766e-01,-1.459623e-01,1.497991e-01,1.726704e-01,1.335054e-01,3.761297e-01,5.382599e-01,6.891408e-01
4.26120,-5.330588e-02,-9.309050e-02,-1.383378e-01,6.563159e-01,9.428833e-01,1.191588e+00,-6.000620e-02,-1.055283e-01,-1.638418e-01,-1.371145e-01,-2.078941e-01,-2.795558e-01,1.010980e-01,1.416018e-02,-9.397594e-02,9.425981e-02,1.337558e-01,1.659390e-01,-7.304499e-02,-1.096506e-01,-1.458966e-01,1.538639e-01,1.804213e-01,1.457099e-01,3.553220e-01,5.087645e-01,6.515797e-01
4.27692,-5.026278e-02,-8.897833e-02,-1.332018e-01,6.330001e-01,9.107379e-01,1.153292e+00,-6.030319e-02,-1.060452e-01,-1.652548e-01,-1.356090e-01,-2.057567e-01,-2.768114e-01,1.220611e-01,3.651527e-02,-7.331959e-02,8.633289e-02,1.222881e-01,1.510526e-01,-7.313774e-02,-1.097548e-01,-1.459489e-01,1.579901e-01,1.880755e-01,1.576382e-01,3.348660e-01,4.795854e-01,6.141884e-01
4.29264,-4.722187e-02,-8.494199e-02,-1.281279e-01,6.104839e-01,8.796703e-01,1.115229e+00,-6.089221e-02,-1.065216e-01,-1.664309e-01,-1.341085e-01,-2.036412e-01,-2.741886e-01,1.429544e-01,5.950682e-02,-5.160409e-02,7.888430e-02,1.112738e-01,1.368090e-01,-7.324869e-02,-1.099353e-01,-1.461376e-01,1.622054e-01,1.957325e-01,1.694281e-01,3.147673e-01,4.507732e-01,5.770925e-01
4.30836,-4.413494e-02,-8.095028e-02,-1.231673e-01,5.887085e-01,8.498056e-01,1.077982e+00,-6.198019e-02,-1.072760e-01,-1.675864e-01,-1.325755e-01,-2.014882e-01,-2.715724e-01,1.635158e-01,8.293495e-02,-2.897681e-02,7.210646e-02,1.009333e-01,1.233346e-01,-7.331564e-02,-1.100983e-01,-1.463905e-01,1.665368e-01,2.034440e-01,1.812193e-01,2.950623e-01,4.224095e-01,5.403981e-01
4.32408,-4.096096e-02,-7.694373e-02,-1.183200e-01,5.675846e-01,8.210780e-01,1.042043e+00,-6.362220e-02,-1.085688e-01,-1.689223e-01,-1.309362e-01,-1.992128e-01,-2.688385e-01,1.834673e-01,1.065438e-01,-5.648959e-03,6.608405e-02,9.146035e-02,1.107478e-01,-7.332486e-02,-1.101866e-01,-1.466117e-01,1.710409e-01,2.112468e-01,1.930958e-01,2.758893e-01,3.946755e-01,5.043017e-01
4.33980,-3.768436e-02,-7.286697e-02,-1.135373e-01,5.470340e-01,7.932943e-01,1.007663e+00,-6.569564e-02,-1.104965e-01,-1.705856e-01,-1.290978e-01,-1.967024e-01,-2.658625e-01,2.025581e-01,1.300288e-01,1.812843e-02,6.074387e-02,8.294416e-02,9.914252e-02,-7.331290e-02,-1.102126e-01,-1.467524e-01,1.757694e-01,2.191880e-01,2.050795e-01,2.574748e-01,3.678694e-01,4.691554e-01
4.35552,-3.430613e-02,-6.869239e-02,-1.087441e-01,5.270275e-01,7.662367e-01,9.748004e-01,-6.796619e-02,-1.129596e-01,-1.726157e-01,-1.269967e-01,-1.938531e-01,-2.625300e-01,2.206191e-01,1.530833e-01,4.207651e-02,5.588428e-02,7.531018e-02,8.855129e-02,-7.331727e-02,-1.102249e-01,-1.468281e-01,1.807014e-01,2.272930e-01,2.171561e-01,2.400352e-01,3.423332e-01,4.354152e-01
4.37124,-3.081846e-02,-6.441276e-02,-1.038709e-01,5.076096e-01,7.397670e-01,9.431872e-01,-7.019554e-02,-1.157188e-01,-1.749390e-01,-1.246365e-01,-1.906228e-01,-2.587599e-01,2.375891e-01,1.754628e-01,6.590444e-02,5.127397e-02,6.833563e-02,7.891491e-02,-7.333637e-02,-1.102534e-01,-1.468825e-01,1.857241e-01,2.355091e-01,2.292941e-01,2.236736e-01,3.183191e-01,4.035023e-01
4.38696,-2.719062e-02,-6.001373e-02,-9.887246e-02,4.888742e-01,7.138927e-01,9.124631e-01,-7.221664e-02,-1.184938e-01,-1.774180e-01,-1.220815e-01,-1.870553e-01,-2.545347e-01,2.535012e-01,1.970308e-01,8.935165e-02,4.675321e-02,6.173632e-02,7.007338e-02,-7.334430e-02,-1.102899e-01,-1.469446e-01,1.906820e-01,2.436923e-01,2.414283e-01,2.083502e-01,2.958834e-01,3.736586e-01
4.40268,-2.338217e-02,-5.546298e-02,-9.372032e-02,4.709009e-01,6.887483e-01,8.823439e-01,-7.394231e-02,-1.210467e-01,-1.799027e-01,-1.194263e-01,-1.832604e-01,-2.499191e-01,2.684644e-01,2.177678e-01,1.122486e-01,4.227774e-02,5.527007e-02,6.177663e-02,-7.333071e-02,-1.103144e-01,-1.470148e-01,1.954344e-01,2.516485e-01,2.534291e-01,1.939259e-01,2.748778e-01,3.458642e-01
4.41839,-1.936825e-02,-5.073136e-02,-8.839744e-02,4.536948e-01,6.644925e-01,8.527593e-01,-7.532935e-02,-1.232101e-01,-1.822415e-01,-1.167731e-01,-1.793770e-01,-2.450459e-01,2.826512e-01,2.377523e-01,1.345607e-01,3.790007e-02,4.881332e-02,5.372625e-02,-7.331197e-02,-1.103245e-01,-1.470804e-01,1.998657e-01,2.591832e-01,2.651017e-01,1.802317e-01,2.550308e-01,3.198513e-01
4.43411,-1.514531e-02,-4.581744e-02,-8.290770e-02,4.371648e-01,6.411934e-01,8.238758e-01,-7.634731e-02,-1.248701e-01,-1.842658e-01,-1.142150e-01,-1.755433e-01,-2.400778e-01,2.962824e-01,2.571319e-01,1.563840e-01,3.371972e-02,4.239838e-02,4.566031e-02,-7.330622e-02,-1.103358e-01,-1.471367e-01,2.038496e-01,2.661153e-01,2.762204e-01,1.671353e-01,2.360716e-01,2.952154e-01
4.44983,-1.071134e-02,-4.074172e-02,-7.728140e-02,4.211387e-01,6.187649e-01,7.959643e-01,-7.698433e-02,-1.259519e-01,-1.857881e-01,-1.118181e-01,-1.718739e-01,-2.351675e-01,3.096006e-01,2.760959e-01,1.778936e-01,2.982952e-02,3.619584e-02,3.746791e-02,-7.331576e-02,-1.103673e-01,-1.471994e-01,2.072104e-01,2.722452e-01,2.865520e-01,1.545853e-01,2.178431e-01,2.715912e-01
4.46555,-6.046082e-03,-3.551826e-02,-7.155982e-02,4.053997e-01,5.969730e-01,7.691994e-01,-7.727951e-02,-1.264382e-01,-1.866369e-01,-1.096037e-01,-1.684366e-01,-2.304321e-01,3.228467e-01,2.948450e-01,1.992874e-01,2.627462e-02,3.042989e-02,2.927638e-02,-7.334358e-02,-1.104353e-01,-1.473032e-01,2.097110e-01,2.773077e-01,2.958301e-01,1.426043e-01,2.003407e-01,2.488043e-01
4.48127,-1.108354e-03,-3.013603e-02,-6.577127e-02,3.897427e-01,5.754944e-01,7.435216e-01,-7.734709e-02,-1.264019e-01,-1.867189e-01,-1.075441e-01,-1.652366e-01,-2.259386e-01,3.362586e-01,3.135724e-01,2.207475e-01,2.304024e-02,2.526638e-02,2.142807e-02,-7.340261e-02,-1.105519e-01,-1.474780e-01,2.110925e-01,2.809677e-01,3.037138e-01,1.312538e-01,1.836600e-01,2.269045e-01
4.49699,4.161989e-03,-2.455959e-02,-5.991798e-02,3.740512e-01,5.540066e-01,7.186294e-01,-7.736717e-02,-1.260282e-01,-1.860763e-01,-1.055763e-01,-1.622186e-01,-2.216941e-01,3.500931e-01,3.324760e-01,2.424210e-01,2.006891e-02,2.074253e-02,1.432380e-02,-7.348813e-02,-1.107092e-01,-1.477187e-01,2.111610e-01,2.828934e-01,3.098025e-01,1.206115e-01,1.679205e-01,2.060726e-01
4.51271,9.852899e-03,-1.872917e-02,-5.397531e-02,3.583753e-01,5.322945e-01,6.940747e-01,-7.754100e-02,-1.256118e-01,-1.849159e-01,-1.036313e-01,-1.592934e-01,-2.176470e-01,3.646576e-01,3.517966e-01,2.644273e-01,1.728437e-02,1.676392e-02,8.223797e-03,-7.356325e-02,-1.108670e-01,-1.479823e-01,2.098715e-01,2.828784e-01,3.137256e-01,1.107550e-01,1.532308e-01,1.864955e-01
4.52843,1.609485e-02,-1.254765e-02,-4.789014e-02,3.429542e-01,5.103630e-01,6.693989e-01,-7.802677e-02,-1.255029e-01,-1.836016e-01,-1.016645e-01,-1.563783e-01,-2.137105e-01,3.803293e-01,3.718469e-01,2.868998e-01,1.460186e-02,1.314508e-02,3.131559e-03,-7.359522e-02,-1.109763e-01,-1.482124e-01,2.073447e-01,2.809304e-01,3.152601e-01,1.017202e-01,1.396694e-01,1.682962e-01
4.54415,2.306421e-02,-5.865895e-03,-4.157056e-02,3.281301e-01,4.885043e-01,6.442722e-01,-7.888093e-02,-1.259933e-01,-1.826004e-01,-9.967447e-02,-1.534336e-01,-2.098026e-01,3.975351e-01,3.930080e-01,3.100390e-01,1.192728e-02,9.664202e-03,-1.192326e-03,-7.359273e-02,-1.110244e-01,-1.483716e-01,2.038041e-01,2.772625e-01,3.144007e-01,9.345211e-02,1.272384e-01,1.515178e-01
4.55987,3.096448e-02,1.512898e-03,-3.487364e-02,3.141902e-01,4.672322e-01,6.186359e-01,-8.003186e-02,-1.271926e-01,-1.823646e-01,-9.769724e-02,-1.504764e-01,-2.058818e-01,4.166985e-01,4.156866e-01,3.341372e-01,9.161794e-03,6.114082e-03,-5.126990e-03,-7.358836e-02,-1.110447e-01,-1.484646e-01,1.994808e-01,2.721979e-01,3.113542e-01,8.579079e-02,1.158144e-01,1.361007e-01
4.57559,3.999497e-02,9.802788e-03,-2.760630e-02,3.012511e-01,4.470815e-01,5.928007e-01,-8.130970e-02,-1.289711e-01,-1.831708e-01,-9.578156e-02,-1.475657e-01,-2.019633e-01,4.381782e-01,4.402576e-01,3.595443e-01,6.231148e-03,2.339957e-03,-9.059662e-03,-7.359340e-02,-1.110753e-01,-1.485325e-01,1.945549e-01,2.660580e-01,3.064709e-01,7.852233e-02,1.051541e-01,1.218522e-01
4.59130,5.033006e-02,1.919522e-02,-1.955102e-02,2.892599e-01,4.283891e-01,5.673975e-01,-8.252802e-02,-1.310222e-01,-1.849980e-01,-9.396091e-02,-1.447686e-01,-1.981117e-01,4.622058e-01,4.670269e-01,3.866029e-01,3.130255e-03,-1.732303e-03,-1.327513e-02,-7.359050e-02,-1.111218e-01,-1.486213e-01,1.891635e-01,2.590997e-01,3.001404e-01,7.148149e-02,9.498360e-02,1.084725e-01
4.60702,6.212051e-02,2.983687e-02,-1.050986e-02,2.780868e-01,4.111901e-01,5.431424e-01,-8.356441e-02,-1.330122e-01,-1.875356e-01,-9.223963e-02,-1.421277e-01,-1.944117e-01,4.888003e-01,4.962237e-01,4.156101e-01,-6.793630e-05,-6.075592e-03,-1.790455e-02,-7.357197e-02,-1.111696e-01,-1.487517e-01,1.834381e-01,2.515203e-01,2.927008e-01,6.463786e-02,8.513116e-02,9.566593e-02
4.62274,7.550464e-02,4.183890e-02,-3.401727e-04,2.676084e-01,3.952802e-01,5.205511e-01,-8.437981e-02,-1.347082e-01,-1.903256e-01,-9.060087e-02,-1.396470e-01,-1.909299e-01,5.176404e-01,5.279673e-01,4.468196e-01,-3.263708e-03,-1.057056e-02,-2.293747e-02,-7.356654e-02,-1.112245e-01,-1.489190e-01,1.775138e-01,2.435022e-01,2.844141e-01,5.808821e-02,7.561105e-02,8.327937e-02
4.63846,9.060494e-02,5.530558e-02,1.104311e-02,2.577229e-01,3.803688e-01,4.997776e-01,-8.497826e-02,-1.360062e-01,-1.929437e-01,-8.902444e-02,-1.373022e-01,-1.876878e-01,5.479317e-01,5.621633e-01,4.804485e-01,-6.393216e-03,-1.506291e-02,-2.826173e-02,-7.361810e-02,-1.113246e-01,-1.491213e-01,1.715045e-01,2.352417e-01,2.755082e-01,5.195546e-02,6.657931e-02,7.136826e-02
4.65418,1.074934e-01,7.035074e-02,2.369618e-02,2.483193e-01,3.661976e-01,4.806340e-01,-8.535880e-02,-1.368820e-01,-1.951013e-01,-8.749577e-02,-1.350593e-01,-1.846596e-01,5.784012e-01,5.983627e-01,5.166374e-01,-9.441206e-03,-1.943970e-02,-3.370566e-02,-7.374656e-02,-1.115077e-01,-1.493778e-01,1.654846e-01,2.269243e-01,2.662249e-01,4.628107e-02,5.818922e-02,6.012760e-02
4.66990,1.261384e-01,8.707723e-02,3.767792e-02,2.392564e-01,3.525741e-01,4.627254e-01,-8.550135e-02,-1.373331e-01,-1.966384e-01,-8.600344e-02,-1.328882e-01,-1.817908e-01,6.075196e-01,6.356839e-01,5.553427e-01,-1.239893e-02,-2.366328e-02,-3.909182e-02,-7.393076e-02,-1.117747e-01,-1.497105e-01,1.594873e-01,2.186705e-01,2.568096e-01,4.099339e-02,5.046569e-02,4.973637e-02
4.68562,1.463733e-01,1.055283e-01,5.305768e-02,2.303850e-01,3.393523e-01,4.456131e-01,-8.539280e-02,-1.373572e-01,-1.974749e-01,-8.453513e-02,-1.307636e-01,-1.790233e-01,6.338709e-01,6.728864e-01,5.962000e-01,-1.521559e-02,-2.773375e-02,-4.429494e-02,-7.411637e-02,-1.120794e-01,-1.501098e-01,1.534934e-01,2.104958e-01,2.474314e-01,3.595391e-02,4.328220e-02,4.023330e-02
4.70134,1.679163e-01,1.256488e-01,6.989308e-02,2.216028e-01,3.264174e-01,4.289467e-01,-8.506506e-02,-1.369686e-01,-1.975892e-01,-8.307570e-02,-1.286595e-01,-1.763051e-01,6.564337e-01,7.085860e-01,6.384272e-01,-1.779367e-02,-3.161763e-02,-4.926025e-02,-7.424133e-02,-1.123477e-01,-1.505226e-01,1.474154e-01,2.022977e-01,2.381008e-01,3.103274e-02,3.642793e-02,3.149158e-02
4.71706,1.904338e-01,1.472885e-01,8.819524e-02,2.128970e-01,3.137039e-01,4.125343e-01,-8.460683e-02,-1.362291e-01,-1.970270e-01,-8.160608e-02,-1.265437e-01,-1.735854e-01,6.746356e-01,7.414931e-01,6.808252e-01,-2.003469e-02,-3.521587e-02,-5.396235e-02,-7.427106e-02,-1.125157e-01,-1.508778e-01,1.411221e-01,1.938809e-01,2.286555e-01,2.617379e-02,2.971091e-02,2.327290e-02
4.73278,2.136172e-01,1.702451e-01,1.079119e-01,2.043367e-01,3.012271e-01,3.963452e-01,-8.413973e-02,-1.352677e-01,-1.959056e-01,-8.010828e-02,-1.243831e-01,-1.708125e-01,6.882547e-01,7.705621e-01,7.218960e-01,-2.189807e-02,-3.840571e-02,-5.835144e-02,-7.421851e-02,-1.125666e-01,-1.511251e-01,1.345051e-01,1.850331e-01,2.188288e-01,2.141759e-02,2.304380e-02,1.531861e-02
4.74849,2.372487e-01,1.943227e-01,1.289478e-01,1.960258e-01,2.890826e-01,3.804696e-01,-8.378379e-02,-1.342673e-01,-1.943986e-01,-7.857777e-02,-1.221629e-01,-1.679487e-01,6.973154e-01,7.950477e-01,7.600561e-01,-2.343118e-02,-4.111690e-02,-6.234723e-02,-7.413431e-02,-1.125410e-01,-1.512638e-01,1.275397e-01,1.756252e-01,2.083548e-01,1.686085e-02,1.646561e-02,7.440709e-03
4.76421,2.612428e-01,2.193771e-01,1.512068e-01,1.880569e-01,2.773936e-01,3.650610e-01,-8.363438e-02,-1.334203e-01,-1.927173e-01,-7.703107e-02,-1.199014e-01,-1.649945e-01,7.020470e-01,8.145221e-01,7.939098e-01,-2.475513e-02,-4.337861e-02,-6.588223e-02,-7.408429e-02,-1.125211e-01,-1.513524e-01,1.203050e-01,1.656769e-01,1.970743e-01,1.258284e-02,1.009000e-02,-4.256166e-04
4.77993,2.856522e-01,2.453393e-01,1.746223e-01,1.804924e-01,2.662418e-01,3.502766e-01,-8.374834e-02,-1.328802e-01,-1.910939e-01,-7.550111e-02,-1.176465e-01,-1.619989e-01,7.028512e-01,8.288857e-01,8.225149e-01,-2.602008e-02,-4.531328e-02,-6.894537e-02,-7.413032e-02,-1.126007e-01,-1.514915e-01,1.129672e-01,1.553589e-01,1.850127e-01,8.602952e-03,4.028533e-03,-8.225004e-03
4.79565,3.106400e-01,2.722229e-01,1.991665e-01,1.733637e-01,2.556400e-01,3.362241e-01,-8.412944e-02,-1.327325e-01,-1.897491e-01,-7.402689e-02,-1.154600e-01,-1.590463e-01,7.002243e-01,8.383531e-01,8.455197e-01,-2.736028e-02,-4.709740e-02,-7.159390e-02,-7.430989e-02,-1.128498e-01,-1.517837e-01,1.057245e-01,1.449388e-01,1.724000e-01,4.901680e-03,-1.648569e-03,-1.582172e-02
4.81137,3.364209e-01,3.001160e-01,2.248559e-01,1.666720e-01,2.455598e-01,3.229290e-01,-8.471975e-02,-1.329842e-01,-1.888372e-01,-7.264248e-02,-1.133999e-01,-1.562278e-01,6.946670e-01,8.433726e-01,8.631115e-01,-2.886688e-02,-4.891738e-02,-7.394436e-02,-7.461004e-02,-1.132801e-01,-1.522845e-01,9.874042e-02,1.346923e-01,1.596062e-01,1.469526e-03,-6.898541e-03,-2.304644e-02
4.82709,3.631697e-01,3.291535e-01,2.517596e-01,1.603841e-01,2.359712e-01,3.103326e-01,-8.541368e-02,-1.335604e-01,-1.884085e-01,-7.136699e-02,-1.115053e-01,-1.536152e-01,6.866503e-01,8.445062e-01,8.758346e-01,-3.057306e-02,-5.092817e-02,-7.616186e-02,-7.495150e-02,-1.138214e-01,-1.529662e-01,9.211551e-02,1.248298e-01,1.470147e-01,-1.677668e-03,-1.167988e-02,-2.973240e-02
4.84281,3.908967e-01,3.594610e-01,2.799926e-01,1.544371e-01,2.268468e-01,2.983239e-01,-8.609700e-02,-1.343187e-01,-1.884123e-01,-7.019862e-02,-1.097884e-01,-1.512465e-01,6.766370e-01,8.423367e-01,8.843813e-01,-3.245173e-02,-5.321466e-02,-7.844226e-02,-7.521440e-02,-1.143333e-01,-1.537160e-01,8.590830e-02,1.154823e-01,1.349105e-01,-4.531025e-03,-1.596022e-02,-3.574347e-02
4.85853,4.193185e-01,3.910730e-01,3.096892e-01,1.487599e-01,2.181376e-01,2.867857e-01,-8.668842e-02,-1.350913e-01,-1.887278e-01,-6.911357e-02,-1.082311e-01,-1.491223e-01,6.651054e-01,8.374260e-01,8.894245e-01,-3.443245e-02,-5.577255e-02,-8.096806e-02,-7.530763e-02,-1.146702e-01,-1.543749e-01,8.016009e-02,1.067296e-01,1.234554e-01,-7.127442e-03,-1.975909e-02,-4.101042e-02
4.87425,4.477860e-01,4.238457e-01,3.409609e-01,1.433044e-01,2.097712e-01,2.756201e-01,-8.715505e-02,-1.357411e-01,-1.891928e-01,-6.806824e-02,-1.067831e-01,-1.472063e-01,6.525257e-01,8.303088e-01,8.915323e-01,-3.642648e-02,-5.852225e-02,-8.384741e-02,-7.522669e-02,-1.147667e-01,-1.548117e-01,7.489654e-02,9.862029e-02,1.127296e-01,-9.552360e-03,-2.317687e-02,-4.557249e-02
4.88997,4.753466e-01,4.574006e-01,3.738482e-01,1.380542e-01,2.016908e-01,2.647475e-01,-8.749195e-02,-1.361995e-01,-1.896277e-01,-6.700588e-02,-1.053660e-01,-1.454230e-01,6.393088e-01,8.214927e-01,8.911690e-01,-3.834404e-02,-6.134048e-02,-8.707694e-02,-7.504677e-02,-1.146714e-01,-1.549892e-01,7.012143e-02,9.116890e-02,1.027693e-01,-1.190417e-02,-2.636925e-02,-4.958492e-02
4.90569,5.009555e-01,4.911400e-01,4.082638e-01,1.330031e-01,1.938946e-01,2.541085e-01,-8.768807e-02,-1.364621e-01,-1.898758e-01,-6.587193e-02,-1.038898e-01,-1.436634e-01,6.257724e-01,8.114395e-01,8.887455e-01,-4.010034e-02,-6.408475e-02,-9.054691e-02,-7.486395e-02,-1.145012e-01,-1.549756e-01,6.581862e-02,8.435328e-02,9.356812e-02,-1.424831e-02,-2.948612e-02,-5.326809e-02
4.92140,5.237392e-01,5.243375e-01,4.439366e-01,1.281285e-01,1.864281e-01,2.436956e-01,-8.771528e-02,-1.365491e-01,-1.898528e-01,-6.463305e-02,-1.022823e-01,-1.418098e-01,6.121211e-01,8.005294e-01,8.846531e-01,-4.161842e-02,-6.660559e-02,-9.406882e-02,-7.473651e-02,-1.143631e-01,-1.548922e-01,6.196128e-02,7.812481e-02,8.507359e-02,-1.659013e-02,-3.262047e-02,-5.683260e-02
4.93712,5.431804e-01,5.562522e-01,4.803761e-01,1.233922e-01,1.793343e-01,2.335937e-01,-8.755129e-02,-1.364668e-01,-1.895717e-01,-6.328428e-02,-1.005105e-01,-1.397710e-01,5.984345e-01,7.890195e-01,8.792431e-01,-4.284467e-02,-6.876097e-02,-9.740550e-02,-7.466248e-02,-1.143004e-01,-1.548404e-01,5.852161e-02,7.242871e-02,7.720208e-02,-1.888272e-02,-3.578767e-02,-6.042737e-02
4.95284,5.591562e-01,5.862048e-01,5.168831e-01,1.187619e-01,1.726140e-01,2.239710e-01,-8.721101e-02,-1.362075e-01,-1.891188e-01,-6.184217e-02,-9.858273e-02,-1.375091e-01,5.847000e-01,7.770270e-01,8.727856e-01,-4.378247e-02,-7.045207e-02,-1.003110e-01,-7.459256e-02,-1.142811e-01,-1.548531e-01,5.548369e-02,6.722587e-02,6.987218e-02,-2.106566e-02,-3.893446e-02,-6.411642e-02
4.96856,5.718453e-01,6.136263e-01,5.526198e-01,1.142226e-01,1.662249e-01,2.149969e-01,-8.675835e-02,-1.357828e-01,-1.885980e-01,-6.033970e-02,-9.654027e-02,-1.350462e-01,5.708750e-01,7.645505e-01,8.654505e-01,-4.451631e-02,-7.167756e-02,-1.025945e-01,-7.445469e-02,-1.142184e-01,-1.548800e-01,5.286518e-02,6.251414e-02,6.304183e-02,-2.310525e-02,-4.197378e-02,-6.787028e-02
4.98428,5.815739e-01,6.381202e-01,5.867444e-01,1.097701e-01,1.600994e-01,2.067472e-01,-8.629083e-02,-1.352523e-01,-1.880886e-01,-5.882647e-02,-9.445250e-02,-1.324560e-01,5.569170e-01,7.515099e-01,8.573052e-01,-4.519221e-02,-7.256582e-02,-1.041950e-01,-7.417762e-02,-1.140058e-01,-1.548096e-01,5.073562e-02,5.834566e-02,5.673384e-02,-2.500513e-02,-4.482886e-02,-7.157910e-02
5.00000,5.887033e-01,6.595217e-01,6.185824e-01,1.054068e-01,1.541558e-01,1.991640e-01,-8.590650e-02,-1.347161e-01,-1.876424e-01,-5.735928e-02,-9.240613e-02,-1.298453e-01,5.427702e-01,7.377846e-01,8.483025e-01,-4.596171e-02,-7.334333e-02,-1.052228e-01,-7.371921e-02,-1.135585e-01,-1.545166e-01,4.920713e-02,5.482820e-02,5.103806e-02,-2.679127e-02,-4.746285e-02,-7.509820e-02
